Learning,Motor,motor_0117.jpg,sT:1,1,s:10517,0,1,s:151397,0,0,s:0,sT:2,0,s:0,0,0,s:23914,0,0,s:0,sT:3,0,s:0,0,0,s:1928,0,0,s:0
Learning,Motor,motor_0217.jpg,sT:1,0,s:12165,0,1,s:162612,0,0,s:0,sT:2,0,s:20,0,0,s:21060,0,0,s:0,sT:3,0,s:0,0,0,s:5781,0,0,s:0
Learning,Motor,motor_0145.jpg,sT:1,0,s:9381,0,1,s:117109,0,0,s:0,sT:2,0,s:20,0,0,s:22267,0,0,s:0,sT:3,0,s:0,0,0,s:5609,0,0,s:0
Learning,Motor,motor_0147.jpg,sT:1,0,s:9498,0,1,s:122501,0,0,s:0,sT:2,0,s:10,0,0,s:18917,0,0,s:0,sT:3,0,s:0,0,0,s:4973,0,0,s:0
Learning,Motor,motor_0107.jpg,sT:1,0,s:18240,0,1,s:193241,0,0,s:0,sT:2,0,s:10,0,0,s:6583,0,0,s:0,sT:3,0,s:0,0,0,s:5143,0,0,s:0
Learning,Face,image_0434.jpg,sT:1,0,s:9854,0,1,s:76454,0,0,s:0,sT:2,0,s:0,0,0,s:7110,0,0,s:0,sT:3,0,s:0,0,0,s:8203,0,0,s:0
Learning,Face,image_0375.jpg,sT:1,0,s:12904,0,1,s:120802,0,0,s:0,sT:2,0,s:0,0,0,s:7496,0,0,s:0,sT:3,0,s:0,0,0,s:1848,0,0,s:0
Learning,Motor,motor_0030.jpg,sT:1,0,s:14941,0,1,s:177113,0,0,s:0,sT:2,0,s:0,0,0,s:7244,0,0,s:0,sT:3,0,s:0,0,0,s:1068,0,0,s:0
Learning,Motor,motor_0093.jpg,sT:1,0,s:12366,0,1,s:138606,0,0,s:0,sT:2,0,s:0,0,0,s:8795,0,0,s:0,sT:3,0,s:0,0,0,s:0,0,0,s:0
Learning,Face,image_0396.jpg,sT:1,0,s:17072,0,1,s:167788,0,0,s:0,sT:2,0,s:420,0,0,s:1729,0,0,s:0,sT:3,0,s:0,0,0,s:50,0,0,s:0
Learning,Face,image_0229.jpg,sT:1,0,s:15674,0,1,s:142442,0,0,s:0,sT:2,0,s:80,0,0,s:9095,0,0,s:0,sT:3,0,s:0,0,0,s:173,0,0,s:0
Learning,Motor,motor_0094.jpg,sT:1,0,s:11422,0,1,s:107397,0,0,s:0,sT:2,0,s:0,0,0,s:10804,0,0,s:0,sT:3,0,s:0,0,0,s:0,0,0,s:0
Learning,Motor,motor_0015.jpg,sT:1,0,s:10466,0,1,s:111789,0,0,s:0,sT:2,0,s:0,0,0,s:11090,0,0,s:0,sT:3,0,s:0,0,0,s:1695,0,0,s:0
Learning,Face,image_0181.jpg,sT:1,0,s:10663,0,1,s:66231,0,0,s:0,sT:2,0,s:323,0,0,s:24690,0,0,s:0,sT:3,0,s:0,0,0,s:728,0,0,s:0
Learning,Face,image_0207.jpg,sT:1,0,s:16745,0,1,s:171446,0,0,s:0,sT:2,0,s:20,0,0,s:1192,0,0,s:0,sT:3,0,s:0,0,0,s:0,0,0,s:0
Learning,Face,image_0031.jpg,sT:1,0,s:14872,0,1,s:132333,0,0,s:0,sT:2,0,s:316,0,0,s:5331,0,0,s:0,sT:3,0,s:0,0,0,s:284,0,0,s:0
Learning,Face,image_0245.jpg,sT:1,0,s:13020,0,1,s:106657,0,0,s:0,sT:2,0,s:360,0,0,s:15349,0,0,s:0,sT:3,0,s:0,0,0,s:2300,0,0,s:0
Learning,Motor,motor_0148.jpg,sT:1,0,s:12713,0,1,s:133080,0,0,s:0,sT:2,0,s:1960,0,0,s:8440,0,0,s:0,sT:3,0,s:0,0,0,s:2577,0,0,s:0
Learning,Face,image_0088.jpg,sT:1,0,s:16062,0,1,s:123454,0,0,s:0,sT:2,0,s:432,0,0,s:12517,0,0,s:0,sT:3,0,s:0,0,0,s:188,0,0,s:0
Learning,Motor,motor_0229.jpg,sT:1,0,s:16200,0,1,s:115520,0,0,s:0,sT:2,0,s:256,0,0,s:15479,0,0,s:0,sT:3,0,s:0,0,0,s:2685,0,0,s:0
0,1,5,11,7,13,5,1,2,55,-1,1,111,1368,5714,8481,4924,1394,237,31,859,-1,1,112,1373,5725,8488,4937,1399,238,33,914
Training,Motor,motor_0036.jpg,sT:1,0,s:0,0,0,s:0,0,0,s:0,sT:2,0,s:0,0,0,s:0,0,0,s:0,sT:3,0,s:0,0,0,s:0,0,0,s:0
Training,Face,image_0381.jpg,sT:1,0,s:0,0,0,s:0,0,0,s:0,sT:2,0,s:0,0,0,s:0,0,0,s:0,sT:3,0,s:0,0,0,s:0,0,0,s:0
Training,Motor,motor_0229.jpg,sT:1,0,s:0,0,0,s:0,0,0,s:0,sT:2,0,s:0,0,0,s:0,0,0,s:0,sT:3,0,s:0,0,0,s:0,0,0,s:0
Training,Face,image_0163.jpg,sT:1,0,s:0,0,0,s:0,0,0,s:0,sT:2,0,s:0,0,0,s:0,0,0,s:0,sT:3,0,s:0,0,0,s:0,0,0,s:0
Training,Face,image_0198.jpg,sT:1,0,s:0,0,0,s:0,0,0,s:0,sT:2,0,s:0,0,0,s:0,0,0,s:0,sT:3,0,s:0,0,0,s:0,0,0,s:0
Training,Face,image_0133.jpg,sT:1,0,s:0,0,0,s:0,0,0,s:0,sT:2,0,s:0,0,0,s:0,0,0,s:0,sT:3,0,s:0,0,0,s:0,0,0,s:0
Training,Face,image_0243.jpg,sT:1,0,s:0,0,0,s:0,0,0,s:0,sT:2,0,s:0,0,0,s:0,0,0,s:0,sT:3,0,s:0,0,0,s:0,0,0,s:0
Training,Motor,motor_0016.jpg,sT:1,0,s:0,0,0,s:0,0,0,s:0,sT:2,0,s:0,0,0,s:0,0,0,s:0,sT:3,0,s:0,0,0,s:0,0,0,s:0
Training,Motor,motor_0135.jpg,sT:1,0,s:0,0,0,s:0,0,0,s:0,sT:2,0,s:0,0,0,s:0,0,0,s:0,sT:3,0,s:0,0,0,s:0,0,0,s:0
Training,Motor,motor_0166.jpg,sT:1,0,s:0,0,0,s:0,0,0,s:0,sT:2,0,s:0,0,0,s:0,0,0,s:0,sT:3,0,s:0,0,0,s:0,0,0,s:0
Training,Face,image_0188.jpg,sT:1,0,s:0,0,0,s:0,0,0,s:0,sT:2,0,s:0,0,0,s:0,0,0,s:0,sT:3,0,s:0,0,0,s:0,0,0,s:0
Training,Face,image_0254.jpg,sT:1,0,s:0,0,0,s:0,0,0,s:0,sT:2,0,s:0,0,0,s:0,0,0,s:0,sT:3,0,s:0,0,0,s:0,0,0,s:0
Training,Face,image_0225.jpg,sT:1,0,s:0,0,0,s:0,0,0,s:0,sT:2,0,s:0,0,0,s:0,0,0,s:0,sT:3,0,s:0,0,0,s:0,0,0,s:0
Training,Face,image_0348.jpg,sT:1,0,s:0,0,0,s:0,0,0,s:0,sT:2,0,s:0,0,0,s:0,0,0,s:0,sT:3,0,s:0,0,0,s:0,0,0,s:0
Training,Face,image_0053.jpg,sT:1,0,s:0,0,0,s:0,0,0,s:0,sT:2,0,s:0,0,0,s:0,0,0,s:0,sT:3,0,s:0,0,0,s:0,0,0,s:0
Training,Face,image_0403.jpg,sT:1,0,s:0,0,0,s:0,0,0,s:0,sT:2,0,s:0,0,0,s:0,0,0,s:0,sT:3,0,s:0,0,0,s:0,0,0,s:0
Training,Motor,motor_0218.jpg,sT:1,0,s:0,0,0,s:0,0,0,s:0,sT:2,0,s:0,0,0,s:0,0,0,s:0,sT:3,0,s:0,0,0,s:0,0,0,s:0
Training,Motor,motor_0125.jpg,sT:1,0,s:0,0,0,s:0,0,0,s:0,sT:2,0,s:0,0,0,s:0,0,0,s:0,sT:3,0,s:0,0,0,s:0,0,0,s:0
Training,Motor,motor_0109.jpg,sT:1,0,s:0,0,0,s:0,0,0,s:0,sT:2,0,s:0,0,0,s:0,0,0,s:0,sT:3,0,s:0,0,0,s:0,0,0,s:0
Training,Face,image_0372.jpg,sT:1,0,s:0,0,0,s:0,0,0,s:0,sT:2,0,s:0,0,0,s:0,0,0,s:0,sT:3,0,s:0,0,0,s:0,0,0,s:0
Training,Motor,motor_0006.jpg,sT:1,0,s:0,0,0,s:0,0,0,s:0,sT:2,0,s:0,0,0,s:0,0,0,s:0,sT:3,0,s:0,0,0,s:0,0,0,s:0
Training,Motor,motor_0029.jpg,sT:1,0,s:0,0,0,s:0,0,0,s:0,sT:2,0,s:0,0,0,s:0,0,0,s:0,sT:3,0,s:0,0,0,s:0,0,0,s:0
Training,Face,image_0311.jpg,sT:1,0,s:0,0,0,s:0,0,0,s:0,sT:2,0,s:0,0,0,s:0,0,0,s:0,sT:3,0,s:0,0,0,s:0,0,0,s:0
Training,Motor,motor_0043.jpg,sT:1,0,s:0,0,0,s:0,0,0,s:0,sT:2,0,s:0,0,0,s:0,0,0,s:0,sT:3,0,s:0,0,0,s:0,0,0,s:0
Training,Face,image_0339.jpg,sT:1,0,s:0,0,0,s:0,0,0,s:0,sT:2,0,s:0,0,0,s:0,0,0,s:0,sT:3,0,s:0,0,0,s:0,0,0,s:0
Training,Face,image_0020.jpg,sT:1,0,s:0,0,0,s:0,0,0,s:0,sT:2,0,s:0,0,0,s:0,0,0,s:0,sT:3,0,s:0,0,0,s:0,0,0,s:0
Training,Face,image_0386.jpg,sT:1,0,s:0,0,0,s:0,0,0,s:0,sT:2,0,s:0,0,0,s:0,0,0,s:0,sT:3,0,s:0,0,0,s:0,0,0,s:0
Training,Face,image_0132.jpg,sT:1,0,s:0,0,0,s:0,0,0,s:0,sT:2,0,s:0,0,0,s:0,0,0,s:0,sT:3,0,s:0,0,0,s:0,0,0,s:0
Training,Motor,motor_0216.jpg,sT:1,0,s:0,0,0,s:0,0,0,s:0,sT:2,0,s:0,0,0,s:0,0,0,s:0,sT:3,0,s:0,0,0,s:0,0,0,s:0
Training,Face,image_0027.jpg,sT:1,0,s:0,0,0,s:0,0,0,s:0,sT:2,0,s:0,0,0,s:0,0,0,s:0,sT:3,0,s:0,0,0,s:0,0,0,s:0
Training,Face,image_0232.jpg,sT:1,0,s:0,0,0,s:0,0,0,s:0,sT:2,0,s:0,0,0,s:0,0,0,s:0,sT:3,0,s:0,0,0,s:0,0,0,s:0
Training,Motor,motor_0102.jpg,sT:1,0,s:0,0,0,s:0,0,0,s:0,sT:2,0,s:0,0,0,s:0,0,0,s:0,sT:3,0,s:0,0,0,s:0,0,0,s:0
Training,Motor,motor_0088.jpg,sT:1,0,s:0,0,0,s:0,0,0,s:0,sT:2,0,s:0,0,0,s:0,0,0,s:0,sT:3,0,s:0,0,0,s:0,0,0,s:0
Training,Motor,motor_0174.jpg,sT:1,0,s:0,0,0,s:0,0,0,s:0,sT:2,0,s:0,0,0,s:0,0,0,s:0,sT:3,0,s:0,0,0,s:0,0,0,s:0
Training,Motor,motor_0232.jpg,sT:1,0,s:0,0,0,s:0,0,0,s:0,sT:2,0,s:0,0,0,s:0,0,0,s:0,sT:3,0,s:0,0,0,s:0,0,0,s:0
Training,Face,image_0320.jpg,sT:1,0,s:0,0,0,s:0,0,0,s:0,sT:2,0,s:0,0,0,s:0,0,0,s:0,sT:3,0,s:0,0,0,s:0,0,0,s:0
Training,Motor,motor_0121.jpg,sT:1,0,s:0,0,0,s:0,0,0,s:0,sT:2,0,s:0,0,0,s:0,0,0,s:0,sT:3,0,s:0,0,0,s:0,0,0,s:0
Training,Face,image_0108.jpg,sT:1,0,s:0,0,0,s:0,0,0,s:0,sT:2,0,s:0,0,0,s:0,0,0,s:0,sT:3,0,s:0,0,0,s:0,0,0,s:0
Training,Face,image_0267.jpg,sT:1,0,s:0,0,0,s:0,0,0,s:0,sT:2,0,s:0,0,0,s:0,0,0,s:0,sT:3,0,s:0,0,0,s:0,0,0,s:0
Training,Motor,motor_0061.jpg,sT:1,0,s:0,0,0,s:0,0,0,s:0,sT:2,0,s:0,0,0,s:0,0,0,s:0,sT:3,0,s:0,0,0,s:0,0,0,s:0
Training,Motor,motor_0079.jpg,sT:1,0,s:0,0,0,s:0,0,0,s:0,sT:2,0,s:0,0,0,s:0,0,0,s:0,sT:3,0,s:0,0,0,s:0,0,0,s:0
Training,Motor,motor_0171.jpg,sT:1,0,s:0,0,0,s:0,0,0,s:0,sT:2,0,s:0,0,0,s:0,0,0,s:0,sT:3,0,s:0,0,0,s:0,0,0,s:0
Training,Face,image_0297.jpg,sT:1,0,s:0,0,0,s:0,0,0,s:0,sT:2,0,s:0,0,0,s:0,0,0,s:0,sT:3,0,s:0,0,0,s:0,0,0,s:0
Training,Face,image_0139.jpg,sT:1,0,s:0,0,0,s:0,0,0,s:0,sT:2,0,s:0,0,0,s:0,0,0,s:0,sT:3,0,s:0,0,0,s:0,0,0,s:0
Training,Face,image_0287.jpg,sT:1,0,s:0,0,0,s:0,0,0,s:0,sT:2,0,s:0,0,0,s:0,0,0,s:0,sT:3,0,s:0,0,0,s:0,0,0,s:0
Training,Motor,motor_0225.jpg,sT:1,0,s:0,0,0,s:0,0,0,s:0,sT:2,0,s:0,0,0,s:0,0,0,s:0,sT:3,0,s:0,0,0,s:0,0,0,s:0
Training,Face,image_0284.jpg,sT:1,0,s:0,0,0,s:0,0,0,s:0,sT:2,0,s:0,0,0,s:0,0,0,s:0,sT:3,0,s:0,0,0,s:0,0,0,s:0
Training,Face,image_0304.jpg,sT:1,0,s:0,0,0,s:0,0,0,s:0,sT:2,0,s:0,0,0,s:0,0,0,s:0,sT:3,0,s:0,0,0,s:0,0,0,s:0
Training,Motor,motor_0089.jpg,sT:1,0,s:0,0,0,s:0,0,0,s:0,sT:2,0,s:0,0,0,s:0,0,0,s:0,sT:3,0,s:0,0,0,s:0,0,0,s:0
Training,Face,image_0066.jpg,sT:1,0,s:0,0,0,s:0,0,0,s:0,sT:2,0,s:0,0,0,s:0,0,0,s:0,sT:3,0,s:0,0,0,s:0,0,0,s:0
Training,Face,image_0045.jpg,sT:1,0,s:0,0,0,s:0,0,0,s:0,sT:2,0,s:0,0,0,s:0,0,0,s:0,sT:3,0,s:0,0,0,s:0,0,0,s:0
Training,Motor,motor_0066.jpg,sT:1,0,s:0,0,0,s:0,0,0,s:0,sT:2,0,s:0,0,0,s:0,0,0,s:0,sT:3,0,s:0,0,0,s:0,0,0,s:0
Training,Motor,motor_0213.jpg,sT:1,0,s:0,0,0,s:0,0,0,s:0,sT:2,0,s:0,0,0,s:0,0,0,s:0,sT:3,0,s:0,0,0,s:0,0,0,s:0
Training,Face,image_0110.jpg,sT:1,0,s:0,0,0,s:0,0,0,s:0,sT:2,0,s:0,0,0,s:0,0,0,s:0,sT:3,0,s:0,0,0,s:0,0,0,s:0
Training,Motor,motor_0032.jpg,sT:1,0,s:0,0,0,s:0,0,0,s:0,sT:2,0,s:0,0,0,s:0,0,0,s:0,sT:3,0,s:0,0,0,s:0,0,0,s:0
Training,Motor,motor_0106.jpg,sT:1,0,s:0,0,0,s:0,0,0,s:0,sT:2,0,s:0,0,0,s:0,0,0,s:0,sT:3,0,s:0,0,0,s:0,0,0,s:0
Training,Face,image_0315.jpg,sT:1,0,s:0,0,0,s:0,0,0,s:0,sT:2,0,s:0,0,0,s:0,0,0,s:0,sT:3,0,s:0,0,0,s:0,0,0,s:0
Training,Motor,motor_0152.jpg,sT:1,0,s:0,0,0,s:0,0,0,s:0,sT:2,0,s:0,0,0,s:0,0,0,s:0,sT:3,0,s:0,0,0,s:0,0,0,s:0
Training,Motor,motor_0236.jpg,sT:1,0,s:0,0,0,s:0,0,0,s:0,sT:2,0,s:0,0,0,s:0,0,0,s:0,sT:3,0,s:0,0,0,s:0,0,0,s:0
Training,Motor,motor_0072.jpg,sT:1,0,s:0,0,0,s:0,0,0,s:0,sT:2,0,s:0,0,0,s:0,0,0,s:0,sT:3,0,s:0,0,0,s:0,0,0,s:0
Training,Motor,motor_0042.jpg,sT:1,0,s:0,0,0,s:0,0,0,s:0,sT:2,0,s:0,0,0,s:0,0,0,s:0,sT:3,0,s:0,0,0,s:0,0,0,s:0
Training,Motor,motor_0046.jpg,sT:1,0,s:0,0,0,s:0,0,0,s:0,sT:2,0,s:0,0,0,s:0,0,0,s:0,sT:3,0,s:0,0,0,s:0,0,0,s:0
Training,Face,image_0353.jpg,sT:1,0,s:0,0,0,s:0,0,0,s:0,sT:2,0,s:0,0,0,s:0,0,0,s:0,sT:3,0,s:0,0,0,s:0,0,0,s:0
Training,Motor,motor_0044.jpg,sT:1,0,s:0,0,0,s:0,0,0,s:0,sT:2,0,s:0,0,0,s:0,0,0,s:0,sT:3,0,s:0,0,0,s:0,0,0,s:0
Training,Face,image_0218.jpg,sT:1,0,s:0,0,0,s:0,0,0,s:0,sT:2,0,s:0,0,0,s:0,0,0,s:0,sT:3,0,s:0,0,0,s:0,0,0,s:0
Training,Motor,motor_0185.jpg,sT:1,0,s:0,0,0,s:0,0,0,s:0,sT:2,0,s:0,0,0,s:0,0,0,s:0,sT:3,0,s:0,0,0,s:0,0,0,s:0
Training,Motor,motor_0095.jpg,sT:1,0,s:0,0,0,s:0,0,0,s:0,sT:2,0,s:0,0,0,s:0,0,0,s:0,sT:3,0,s:0,0,0,s:0,0,0,s:0
Training,Motor,motor_0209.jpg,sT:1,0,s:0,0,0,s:0,0,0,s:0,sT:2,0,s:0,0,0,s:0,0,0,s:0,sT:3,0,s:0,0,0,s:0,0,0,s:0
Training,Motor,motor_0162.jpg,sT:1,0,s:0,0,0,s:0,0,0,s:0,sT:2,0,s:0,0,0,s:0,0,0,s:0,sT:3,0,s:0,0,0,s:0,0,0,s:0
Training,Face,image_0075.jpg,sT:1,0,s:0,0,0,s:0,0,0,s:0,sT:2,0,s:0,0,0,s:0,0,0,s:0,sT:3,0,s:0,0,0,s:0,0,0,s:0
Training,Face,image_0429.jpg,sT:1,0,s:0,0,0,s:0,0,0,s:0,sT:2,0,s:0,0,0,s:0,0,0,s:0,sT:3,0,s:0,0,0,s:0,0,0,s:0
Training,Motor,motor_0210.jpg,sT:1,0,s:0,0,0,s:0,0,0,s:0,sT:2,0,s:0,0,0,s:0,0,0,s:0,sT:3,0,s:0,0,0,s:0,0,0,s:0
Training,Motor,motor_0055.jpg,sT:1,0,s:0,0,0,s:0,0,0,s:0,sT:2,0,s:0,0,0,s:0,0,0,s:0,sT:3,0,s:0,0,0,s:0,0,0,s:0
Training,Motor,motor_0103.jpg,sT:1,0,s:0,0,0,s:0,0,0,s:0,sT:2,0,s:0,0,0,s:0,0,0,s:0,sT:3,0,s:0,0,0,s:0,0,0,s:0
Training,Motor,motor_0098.jpg,sT:1,0,s:0,0,0,s:0,0,0,s:0,sT:2,0,s:0,0,0,s:0,0,0,s:0,sT:3,0,s:0,0,0,s:0,0,0,s:0
Training,Motor,motor_0186.jpg,sT:1,0,s:0,0,0,s:0,0,0,s:0,sT:2,0,s:0,0,0,s:0,0,0,s:0,sT:3,0,s:0,0,0,s:0,0,0,s:0
Training,Motor,motor_0199.jpg,sT:1,0,s:0,0,0,s:0,0,0,s:0,sT:2,0,s:0,0,0,s:0,0,0,s:0,sT:3,0,s:0,0,0,s:0,0,0,s:0
Training,Face,image_0434.jpg,sT:1,0,s:0,0,0,s:0,0,0,s:0,sT:2,0,s:0,0,0,s:0,0,0,s:0,sT:3,0,s:0,0,0,s:0,0,0,s:0
Training,Motor,motor_0157.jpg,sT:1,0,s:0,0,0,s:0,0,0,s:0,sT:2,0,s:0,0,0,s:0,0,0,s:0,sT:3,0,s:0,0,0,s:0,0,0,s:0
Training,Motor,motor_0047.jpg,sT:1,0,s:0,0,0,s:0,0,0,s:0,sT:2,0,s:0,0,0,s:0,0,0,s:0,sT:3,0,s:0,0,0,s:0,0,0,s:0
Training,Face,image_0370.jpg,sT:1,0,s:0,0,0,s:0,0,0,s:0,sT:2,0,s:0,0,0,s:0,0,0,s:0,sT:3,0,s:0,0,0,s:0,0,0,s:0
Training,Face,image_0086.jpg,sT:1,0,s:0,0,0,s:0,0,0,s:0,sT:2,0,s:0,0,0,s:0,0,0,s:0,sT:3,0,s:0,0,0,s:0,0,0,s:0
Training,Motor,motor_0034.jpg,sT:1,0,s:0,0,0,s:0,0,0,s:0,sT:2,0,s:0,0,0,s:0,0,0,s:0,sT:3,0,s:0,0,0,s:0,0,0,s:0
Training,Motor,motor_0226.jpg,sT:1,0,s:0,0,0,s:0,0,0,s:0,sT:2,0,s:0,0,0,s:0,0,0,s:0,sT:3,0,s:0,0,0,s:0,0,0,s:0
Training,Face,image_0034.jpg,sT:1,0,s:0,0,0,s:0,0,0,s:0,sT:2,0,s:0,0,0,s:0,0,0,s:0,sT:3,0,s:0,0,0,s:0,0,0,s:0
Training,Face,image_0388.jpg,sT:1,0,s:0,0,0,s:0,0,0,s:0,sT:2,0,s:0,0,0,s:0,0,0,s:0,sT:3,0,s:0,0,0,s:0,0,0,s:0
Training,Face,image_0298.jpg,sT:1,0,s:0,0,0,s:0,0,0,s:0,sT:2,0,s:0,0,0,s:0,0,0,s:0,sT:3,0,s:0,0,0,s:0,0,0,s:0
Training,Face,image_0227.jpg,sT:1,0,s:0,0,0,s:0,0,0,s:0,sT:2,0,s:0,0,0,s:0,0,0,s:0,sT:3,0,s:0,0,0,s:0,0,0,s:0
Training,Face,image_0390.jpg,sT:1,0,s:0,0,0,s:0,0,0,s:0,sT:2,0,s:0,0,0,s:0,0,0,s:0,sT:3,0,s:0,0,0,s:0,0,0,s:0
Training,Motor,motor_0027.jpg,sT:1,0,s:0,0,0,s:0,0,0,s:0,sT:2,0,s:0,0,0,s:0,0,0,s:0,sT:3,0,s:0,0,0,s:0,0,0,s:0
Training,Face,image_0256.jpg,sT:1,0,s:0,0,0,s:0,0,0,s:0,sT:2,0,s:0,0,0,s:0,0,0,s:0,sT:3,0,s:0,0,0,s:0,0,0,s:0
Training,Motor,motor_0230.jpg,sT:1,0,s:0,0,0,s:0,0,0,s:0,sT:2,0,s:0,0,0,s:0,0,0,s:0,sT:3,0,s:0,0,0,s:0,0,0,s:0
Training,Motor,motor_0124.jpg,sT:1,0,s:0,0,0,s:0,0,0,s:0,sT:2,0,s:0,0,0,s:0,0,0,s:0,sT:3,0,s:0,0,0,s:0,0,0,s:0
Training,Face,image_0207.jpg,sT:1,0,s:0,0,0,s:0,0,0,s:0,sT:2,0,s:0,0,0,s:0,0,0,s:0,sT:3,0,s:0,0,0,s:0,0,0,s:0
Training,Motor,motor_0075.jpg,sT:1,0,s:0,0,0,s:0,0,0,s:0,sT:2,0,s:0,0,0,s:0,0,0,s:0,sT:3,0,s:0,0,0,s:0,0,0,s:0
Training,Face,image_0396.jpg,sT:1,0,s:0,0,0,s:0,0,0,s:0,sT:2,0,s:0,0,0,s:0,0,0,s:0,sT:3,0,s:0,0,0,s:0,0,0,s:0
Training,Motor,motor_0123.jpg,sT:1,0,s:0,0,0,s:0,0,0,s:0,sT:2,0,s:0,0,0,s:0,0,0,s:0,sT:3,0,s:0,0,0,s:0,0,0,s:0
Training,Face,image_0214.jpg,sT:1,0,s:0,0,0,s:0,0,0,s:0,sT:2,0,s:0,0,0,s:0,0,0,s:0,sT:3,0,s:0,0,0,s:0,0,0,s:0
Training,Motor,motor_0198.jpg,sT:1,0,s:0,0,0,s:0,0,0,s:0,sT:2,0,s:0,0,0,s:0,0,0,s:0,sT:3,0,s:0,0,0,s:0,0,0,s:0
Training,Motor,motor_0202.jpg,sT:1,0,s:0,0,0,s:0,0,0,s:0,sT:2,0,s:0,0,0,s:0,0,0,s:0,sT:3,0,s:0,0,0,s:0,0,0,s:0
Training,Motor,motor_0170.jpg,sT:1,0,s:0,0,0,s:0,0,0,s:0,sT:2,0,s:0,0,0,s:0,0,0,s:0,sT:3,0,s:0,0,0,s:0,0,0,s:0
Training,Face,image_0309.jpg,sT:1,0,s:0,0,0,s:0,0,0,s:0,sT:2,0,s:0,0,0,s:0,0,0,s:0,sT:3,0,s:0,0,0,s:0,0,0,s:0
Training,Motor,motor_0065.jpg,sT:1,0,s:0,0,0,s:0,0,0,s:0,sT:2,0,s:0,0,0,s:0,0,0,s:0,sT:3,0,s:0,0,0,s:0,0,0,s:0
Training,Face,image_0001.jpg,sT:1,0,s:0,0,0,s:0,0,0,s:0,sT:2,0,s:0,0,0,s:0,0,0,s:0,sT:3,0,s:0,0,0,s:0,0,0,s:0
Training,Motor,motor_0033.jpg,sT:1,0,s:0,0,0,s:0,0,0,s:0,sT:2,0,s:0,0,0,s:0,0,0,s:0,sT:3,0,s:0,0,0,s:0,0,0,s:0
Training,Motor,motor_0007.jpg,sT:1,0,s:0,0,0,s:0,0,0,s:0,sT:2,0,s:0,0,0,s:0,0,0,s:0,sT:3,0,s:0,0,0,s:0,0,0,s:0
Training,Face,image_0366.jpg,sT:1,0,s:0,0,0,s:0,0,0,s:0,sT:2,0,s:0,0,0,s:0,0,0,s:0,sT:3,0,s:0,0,0,s:0,0,0,s:0
Training,Face,image_0319.jpg,sT:1,0,s:0,0,0,s:0,0,0,s:0,sT:2,0,s:0,0,0,s:0,0,0,s:0,sT:3,0,s:0,0,0,s:0,0,0,s:0
Training,Face,image_0192.jpg,sT:1,0,s:0,0,0,s:0,0,0,s:0,sT:2,0,s:0,0,0,s:0,0,0,s:0,sT:3,0,s:0,0,0,s:0,0,0,s:0
Training,Face,image_0271.jpg,sT:1,0,s:0,0,0,s:0,0,0,s:0,sT:2,0,s:0,0,0,s:0,0,0,s:0,sT:3,0,s:0,0,0,s:0,0,0,s:0
Training,Motor,motor_0082.jpg,sT:1,0,s:0,0,0,s:0,0,0,s:0,sT:2,0,s:0,0,0,s:0,0,0,s:0,sT:3,0,s:0,0,0,s:0,0,0,s:0
Training,Face,image_0165.jpg,sT:1,0,s:0,0,0,s:0,0,0,s:0,sT:2,0,s:0,0,0,s:0,0,0,s:0,sT:3,0,s:0,0,0,s:0,0,0,s:0
Training,Motor,motor_0130.jpg,sT:1,0,s:0,0,0,s:0,0,0,s:0,sT:2,0,s:0,0,0,s:0,0,0,s:0,sT:3,0,s:0,0,0,s:0,0,0,s:0
Training,Face,image_0418.jpg,sT:1,0,s:0,0,0,s:0,0,0,s:0,sT:2,0,s:0,0,0,s:0,0,0,s:0,sT:3,0,s:0,0,0,s:0,0,0,s:0
Training,Face,image_0335.jpg,sT:1,0,s:0,0,0,s:0,0,0,s:0,sT:2,0,s:0,0,0,s:0,0,0,s:0,sT:3,0,s:0,0,0,s:0,0,0,s:0
Training,Motor,motor_0201.jpg,sT:1,0,s:0,0,0,s:0,0,0,s:0,sT:2,0,s:0,0,0,s:0,0,0,s:0,sT:3,0,s:0,0,0,s:0,0,0,s:0
Training,Face,image_0324.jpg,sT:1,0,s:0,0,0,s:0,0,0,s:0,sT:2,0,s:0,0,0,s:0,0,0,s:0,sT:3,0,s:0,0,0,s:0,0,0,s:0
Training,Motor,motor_0017.jpg,sT:1,0,s:0,0,0,s:0,0,0,s:0,sT:2,0,s:0,0,0,s:0,0,0,s:0,sT:3,0,s:0,0,0,s:0,0,0,s:0
Training,Face,image_0029.jpg,sT:1,0,s:0,0,0,s:0,0,0,s:0,sT:2,0,s:0,0,0,s:0,0,0,s:0,sT:3,0,s:0,0,0,s:0,0,0,s:0
Training,Motor,motor_0204.jpg,sT:1,0,s:0,0,0,s:0,0,0,s:0,sT:2,0,s:0,0,0,s:0,0,0,s:0,sT:3,0,s:0,0,0,s:0,0,0,s:0
Training,Face,image_0205.jpg,sT:1,0,s:0,0,0,s:0,0,0,s:0,sT:2,0,s:0,0,0,s:0,0,0,s:0,sT:3,0,s:0,0,0,s:0,0,0,s:0
Training,Face,image_0078.jpg,sT:1,0,s:0,0,0,s:0,0,0,s:0,sT:2,0,s:0,0,0,s:0,0,0,s:0,sT:3,0,s:0,0,0,s:0,0,0,s:0
Training,Motor,motor_0168.jpg,sT:1,0,s:0,0,0,s:0,0,0,s:0,sT:2,0,s:0,0,0,s:0,0,0,s:0,sT:3,0,s:0,0,0,s:0,0,0,s:0
Training,Face,image_0005.jpg,sT:1,0,s:0,0,0,s:0,0,0,s:0,sT:2,0,s:0,0,0,s:0,0,0,s:0,sT:3,0,s:0,0,0,s:0,0,0,s:0
Training,Face,image_0111.jpg,sT:1,0,s:0,0,0,s:0,0,0,s:0,sT:2,0,s:0,0,0,s:0,0,0,s:0,sT:3,0,s:0,0,0,s:0,0,0,s:0
Training,Motor,motor_0064.jpg,sT:1,0,s:0,0,0,s:0,0,0,s:0,sT:2,0,s:0,0,0,s:0,0,0,s:0,sT:3,0,s:0,0,0,s:0,0,0,s:0
Training,Face,image_0361.jpg,sT:1,0,s:0,0,0,s:0,0,0,s:0,sT:2,0,s:0,0,0,s:0,0,0,s:0,sT:3,0,s:0,0,0,s:0,0,0,s:0
Training,Face,image_0405.jpg,sT:1,0,s:0,0,0,s:0,0,0,s:0,sT:2,0,s:0,0,0,s:0,0,0,s:0,sT:3,0,s:0,0,0,s:0,0,0,s:0
Training,Motor,motor_0067.jpg,sT:1,0,s:0,0,0,s:0,0,0,s:0,sT:2,0,s:0,0,0,s:0,0,0,s:0,sT:3,0,s:0,0,0,s:0,0,0,s:0
Training,Face,image_0392.jpg,sT:1,0,s:0,0,0,s:0,0,0,s:0,sT:2,0,s:0,0,0,s:0,0,0,s:0,sT:3,0,s:0,0,0,s:0,0,0,s:0
Training,Face,image_0012.jpg,sT:1,0,s:0,0,0,s:0,0,0,s:0,sT:2,0,s:0,0,0,s:0,0,0,s:0,sT:3,0,s:0,0,0,s:0,0,0,s:0
Training,Face,image_0432.jpg,sT:1,0,s:0,0,0,s:0,0,0,s:0,sT:2,0,s:0,0,0,s:0,0,0,s:0,sT:3,0,s:0,0,0,s:0,0,0,s:0
Training,Face,image_0221.jpg,sT:1,0,s:0,0,0,s:0,0,0,s:0,sT:2,0,s:0,0,0,s:0,0,0,s:0,sT:3,0,s:0,0,0,s:0,0,0,s:0
Training,Face,image_0359.jpg,sT:1,0,s:0,0,0,s:0,0,0,s:0,sT:2,0,s:0,0,0,s:0,0,0,s:0,sT:3,0,s:0,0,0,s:0,0,0,s:0
Training,Motor,motor_0145.jpg,sT:1,0,s:0,0,0,s:0,0,0,s:0,sT:2,0,s:0,0,0,s:0,0,0,s:0,sT:3,0,s:0,0,0,s:0,0,0,s:0
Training,Face,image_0364.jpg,sT:1,0,s:0,0,0,s:0,0,0,s:0,sT:2,0,s:0,0,0,s:0,0,0,s:0,sT:3,0,s:0,0,0,s:0,0,0,s:0
Training,Face,image_0014.jpg,sT:1,0,s:0,0,0,s:0,0,0,s:0,sT:2,0,s:0,0,0,s:0,0,0,s:0,sT:3,0,s:0,0,0,s:0,0,0,s:0
Training,Motor,motor_0080.jpg,sT:1,0,s:0,0,0,s:0,0,0,s:0,sT:2,0,s:0,0,0,s:0,0,0,s:0,sT:3,0,s:0,0,0,s:0,0,0,s:0
Training,Motor,motor_0134.jpg,sT:1,0,s:0,0,0,s:0,0,0,s:0,sT:2,0,s:0,0,0,s:0,0,0,s:0,sT:3,0,s:0,0,0,s:0,0,0,s:0
Training,Motor,motor_0235.jpg,sT:1,0,s:0,0,0,s:0,0,0,s:0,sT:2,0,s:0,0,0,s:0,0,0,s:0,sT:3,0,s:0,0,0,s:0,0,0,s:0
Training,Motor,motor_0190.jpg,sT:1,0,s:0,0,0,s:0,0,0,s:0,sT:2,0,s:0,0,0,s:0,0,0,s:0,sT:3,0,s:0,0,0,s:0,0,0,s:0
Training,Motor,motor_0117.jpg,sT:1,0,s:0,0,0,s:0,0,0,s:0,sT:2,0,s:0,0,0,s:0,0,0,s:0,sT:3,0,s:0,0,0,s:0,0,0,s:0
Training,Motor,motor_0203.jpg,sT:1,0,s:0,0,0,s:0,0,0,s:0,sT:2,0,s:0,0,0,s:0,0,0,s:0,sT:3,0,s:0,0,0,s:0,0,0,s:0
Training,Motor,motor_0205.jpg,sT:1,0,s:0,0,0,s:0,0,0,s:0,sT:2,0,s:0,0,0,s:0,0,0,s:0,sT:3,0,s:0,0,0,s:0,0,0,s:0
Training,Motor,motor_0020.jpg,sT:1,0,s:0,0,0,s:0,0,0,s:0,sT:2,0,s:0,0,0,s:0,0,0,s:0,sT:3,0,s:0,0,0,s:0,0,0,s:0
Training,Face,image_0190.jpg,sT:1,0,s:0,0,0,s:0,0,0,s:0,sT:2,0,s:0,0,0,s:0,0,0,s:0,sT:3,0,s:0,0,0,s:0,0,0,s:0
Training,Motor,motor_0019.jpg,sT:1,0,s:0,0,0,s:0,0,0,s:0,sT:2,0,s:0,0,0,s:0,0,0,s:0,sT:3,0,s:0,0,0,s:0,0,0,s:0
Training,Face,image_0194.jpg,sT:1,0,s:0,0,0,s:0,0,0,s:0,sT:2,0,s:0,0,0,s:0,0,0,s:0,sT:3,0,s:0,0,0,s:0,0,0,s:0
Training,Motor,motor_0083.jpg,sT:1,0,s:0,0,0,s:0,0,0,s:0,sT:2,0,s:0,0,0,s:0,0,0,s:0,sT:3,0,s:0,0,0,s:0,0,0,s:0
Training,Face,image_0260.jpg,sT:1,0,s:0,0,0,s:0,0,0,s:0,sT:2,0,s:0,0,0,s:0,0,0,s:0,sT:3,0,s:0,0,0,s:0,0,0,s:0
Training,Face,image_0425.jpg,sT:1,0,s:0,0,0,s:0,0,0,s:0,sT:2,0,s:0,0,0,s:0,0,0,s:0,sT:3,0,s:0,0,0,s:0,0,0,s:0
Training,Motor,motor_0115.jpg,sT:1,0,s:0,0,0,s:0,0,0,s:0,sT:2,0,s:0,0,0,s:0,0,0,s:0,sT:3,0,s:0,0,0,s:0,0,0,s:0
Training,Face,image_0236.jpg,sT:1,0,s:0,0,0,s:0,0,0,s:0,sT:2,0,s:0,0,0,s:0,0,0,s:0,sT:3,0,s:0,0,0,s:0,0,0,s:0
Training,Face,image_0399.jpg,sT:1,0,s:0,0,0,s:0,0,0,s:0,sT:2,0,s:0,0,0,s:0,0,0,s:0,sT:3,0,s:0,0,0,s:0,0,0,s:0
Training,Motor,motor_0077.jpg,sT:1,0,s:0,0,0,s:0,0,0,s:0,sT:2,0,s:0,0,0,s:0,0,0,s:0,sT:3,0,s:0,0,0,s:0,0,0,s:0
Training,Face,image_0172.jpg,sT:1,0,s:0,0,0,s:0,0,0,s:0,sT:2,0,s:0,0,0,s:0,0,0,s:0,sT:3,0,s:0,0,0,s:0,0,0,s:0
Training,Motor,motor_0175.jpg,sT:1,0,s:0,0,0,s:0,0,0,s:0,sT:2,0,s:0,0,0,s:0,0,0,s:0,sT:3,0,s:0,0,0,s:0,0,0,s:0
Training,Motor,motor_0063.jpg,sT:1,0,s:0,0,0,s:0,0,0,s:0,sT:2,0,s:0,0,0,s:0,0,0,s:0,sT:3,0,s:0,0,0,s:0,0,0,s:0
Training,Face,image_0344.jpg,sT:1,0,s:0,0,0,s:0,0,0,s:0,sT:2,0,s:0,0,0,s:0,0,0,s:0,sT:3,0,s:0,0,0,s:0,0,0,s:0
Training,Motor,motor_0161.jpg,sT:1,0,s:0,0,0,s:0,0,0,s:0,sT:2,0,s:0,0,0,s:0,0,0,s:0,sT:3,0,s:0,0,0,s:0,0,0,s:0
Training,Motor,motor_0129.jpg,sT:1,0,s:0,0,0,s:0,0,0,s:0,sT:2,0,s:0,0,0,s:0,0,0,s:0,sT:3,0,s:0,0,0,s:0,0,0,s:0
Training,Motor,motor_0107.jpg,sT:1,0,s:0,0,0,s:0,0,0,s:0,sT:2,0,s:0,0,0,s:0,0,0,s:0,sT:3,0,s:0,0,0,s:0,0,0,s:0
Training,Motor,motor_0116.jpg,sT:1,0,s:0,0,0,s:0,0,0,s:0,sT:2,0,s:0,0,0,s:0,0,0,s:0,sT:3,0,s:0,0,0,s:0,0,0,s:0
Training,Motor,motor_0128.jpg,sT:1,0,s:0,0,0,s:0,0,0,s:0,sT:2,0,s:0,0,0,s:0,0,0,s:0,sT:3,0,s:0,0,0,s:0,0,0,s:0
Training,Face,image_0058.jpg,sT:1,0,s:0,0,0,s:0,0,0,s:0,sT:2,0,s:0,0,0,s:0,0,0,s:0,sT:3,0,s:0,0,0,s:0,0,0,s:0
Training,Motor,motor_0073.jpg,sT:1,0,s:0,0,0,s:0,0,0,s:0,sT:2,0,s:0,0,0,s:0,0,0,s:0,sT:3,0,s:0,0,0,s:0,0,0,s:0
Training,Motor,motor_0163.jpg,sT:1,0,s:0,0,0,s:0,0,0,s:0,sT:2,0,s:0,0,0,s:0,0,0,s:0,sT:3,0,s:0,0,0,s:0,0,0,s:0
Training,Motor,motor_0228.jpg,sT:1,0,s:0,0,0,s:0,0,0,s:0,sT:2,0,s:0,0,0,s:0,0,0,s:0,sT:3,0,s:0,0,0,s:0,0,0,s:0
Training,Face,image_0302.jpg,sT:1,0,s:0,0,0,s:0,0,0,s:0,sT:2,0,s:0,0,0,s:0,0,0,s:0,sT:3,0,s:0,0,0,s:0,0,0,s:0
Training,Motor,motor_0227.jpg,sT:1,0,s:0,0,0,s:0,0,0,s:0,sT:2,0,s:0,0,0,s:0,0,0,s:0,sT:3,0,s:0,0,0,s:0,0,0,s:0
Training,Face,image_0423.jpg,sT:1,0,s:0,0,0,s:0,0,0,s:0,sT:2,0,s:0,0,0,s:0,0,0,s:0,sT:3,0,s:0,0,0,s:0,0,0,s:0
Training,Face,image_0416.jpg,sT:1,0,s:0,0,0,s:0,0,0,s:0,sT:2,0,s:0,0,0,s:0,0,0,s:0,sT:3,0,s:0,0,0,s:0,0,0,s:0
Training,Motor,motor_0096.jpg,sT:1,0,s:0,0,0,s:0,0,0,s:0,sT:2,0,s:0,0,0,s:0,0,0,s:0,sT:3,0,s:0,0,0,s:0,0,0,s:0
Training,Face,image_0346.jpg,sT:1,0,s:0,0,0,s:0,0,0,s:0,sT:2,0,s:0,0,0,s:0,0,0,s:0,sT:3,0,s:0,0,0,s:0,0,0,s:0
Training,Face,image_0210.jpg,sT:1,0,s:0,0,0,s:0,0,0,s:0,sT:2,0,s:0,0,0,s:0,0,0,s:0,sT:3,0,s:0,0,0,s:0,0,0,s:0
Training,Motor,motor_0237.jpg,sT:1,0,s:0,0,0,s:0,0,0,s:0,sT:2,0,s:0,0,0,s:0,0,0,s:0,sT:3,0,s:0,0,0,s:0,0,0,s:0
Training,Motor,motor_0153.jpg,sT:1,0,s:0,0,0,s:0,0,0,s:0,sT:2,0,s:0,0,0,s:0,0,0,s:0,sT:3,0,s:0,0,0,s:0,0,0,s:0
Training,Face,image_0355.jpg,sT:1,0,s:0,0,0,s:0,0,0,s:0,sT:2,0,s:0,0,0,s:0,0,0,s:0,sT:3,0,s:0,0,0,s:0,0,0,s:0
Training,Face,image_0245.jpg,sT:1,0,s:0,0,0,s:0,0,0,s:0,sT:2,0,s:0,0,0,s:0,0,0,s:0,sT:3,0,s:0,0,0,s:0,0,0,s:0
Training,Face,image_0229.jpg,sT:1,0,s:0,0,0,s:0,0,0,s:0,sT:2,0,s:0,0,0,s:0,0,0,s:0,sT:3,0,s:0,0,0,s:0,0,0,s:0
Training,Motor,motor_0050.jpg,sT:1,0,s:0,0,0,s:0,0,0,s:0,sT:2,0,s:0,0,0,s:0,0,0,s:0,sT:3,0,s:0,0,0,s:0,0,0,s:0
Training,Face,image_0264.jpg,sT:1,0,s:0,0,0,s:0,0,0,s:0,sT:2,0,s:0,0,0,s:0,0,0,s:0,sT:3,0,s:0,0,0,s:0,0,0,s:0
Training,Face,image_0126.jpg,sT:1,0,s:0,0,0,s:0,0,0,s:0,sT:2,0,s:0,0,0,s:0,0,0,s:0,sT:3,0,s:0,0,0,s:0,0,0,s:0
Training,Face,image_0183.jpg,sT:1,0,s:0,0,0,s:0,0,0,s:0,sT:2,0,s:0,0,0,s:0,0,0,s:0,sT:3,0,s:0,0,0,s:0,0,0,s:0
Training,Face,image_0234.jpg,sT:1,0,s:0,0,0,s:0,0,0,s:0,sT:2,0,s:0,0,0,s:0,0,0,s:0,sT:3,0,s:0,0,0,s:0,0,0,s:0
Training,Face,image_0262.jpg,sT:1,0,s:0,0,0,s:0,0,0,s:0,sT:2,0,s:0,0,0,s:0,0,0,s:0,sT:3,0,s:0,0,0,s:0,0,0,s:0
Training,Motor,motor_0013.jpg,sT:1,0,s:0,0,0,s:0,0,0,s:0,sT:2,0,s:0,0,0,s:0,0,0,s:0,sT:3,0,s:0,0,0,s:0,0,0,s:0
Training,Face,image_0187.jpg,sT:1,0,s:0,0,0,s:0,0,0,s:0,sT:2,0,s:0,0,0,s:0,0,0,s:0,sT:3,0,s:0,0,0,s:0,0,0,s:0
Training,Face,image_0122.jpg,sT:1,0,s:0,0,0,s:0,0,0,s:0,sT:2,0,s:0,0,0,s:0,0,0,s:0,sT:3,0,s:0,0,0,s:0,0,0,s:0
Training,Motor,motor_0158.jpg,sT:1,0,s:0,0,0,s:0,0,0,s:0,sT:2,0,s:0,0,0,s:0,0,0,s:0,sT:3,0,s:0,0,0,s:0,0,0,s:0
Training,Motor,motor_0220.jpg,sT:1,0,s:0,0,0,s:0,0,0,s:0,sT:2,0,s:0,0,0,s:0,0,0,s:0,sT:3,0,s:0,0,0,s:0,0,0,s:0
Training,Face,image_0031.jpg,sT:1,0,s:0,0,0,s:0,0,0,s:0,sT:2,0,s:0,0,0,s:0,0,0,s:0,sT:3,0,s:0,0,0,s:0,0,0,s:0
Training,Face,image_0212.jpg,sT:1,0,s:0,0,0,s:0,0,0,s:0,sT:2,0,s:0,0,0,s:0,0,0,s:0,sT:3,0,s:0,0,0,s:0,0,0,s:0
Training,Motor,motor_0173.jpg,sT:1,0,s:0,0,0,s:0,0,0,s:0,sT:2,0,s:0,0,0,s:0,0,0,s:0,sT:3,0,s:0,0,0,s:0,0,0,s:0
Training,Motor,motor_0018.jpg,sT:1,0,s:0,0,0,s:0,0,0,s:0,sT:2,0,s:0,0,0,s:0,0,0,s:0,sT:3,0,s:0,0,0,s:0,0,0,s:0
Training,Face,image_0291.jpg,sT:1,0,s:0,0,0,s:0,0,0,s:0,sT:2,0,s:0,0,0,s:0,0,0,s:0,sT:3,0,s:0,0,0,s:0,0,0,s:0
Training,Face,image_0159.jpg,sT:1,0,s:0,0,0,s:0,0,0,s:0,sT:2,0,s:0,0,0,s:0,0,0,s:0,sT:3,0,s:0,0,0,s:0,0,0,s:0
Training,Motor,motor_0138.jpg,sT:1,0,s:0,0,0,s:0,0,0,s:0,sT:2,0,s:0,0,0,s:0,0,0,s:0,sT:3,0,s:0,0,0,s:0,0,0,s:0
Training,Motor,motor_0189.jpg,sT:1,0,s:0,0,0,s:0,0,0,s:0,sT:2,0,s:0,0,0,s:0,0,0,s:0,sT:3,0,s:0,0,0,s:0,0,0,s:0
Training,Face,image_0300.jpg,sT:1,0,s:0,0,0,s:0,0,0,s:0,sT:2,0,s:0,0,0,s:0,0,0,s:0,sT:3,0,s:0,0,0,s:0,0,0,s:0
0,1,5,11,7,13,5,1,2,55,-1,1,111,1368,5714,8481,4924,1394,237,31,859,-1,1,112,1373,5725,8488,4937,1399,238,33,914
Training,Face,image_0102.jpg,sT:1,1,s:0,0,0,s:0,0,0,s:0,sT:2,0,s:0,0,0,s:0,0,0,s:0,sT:3,0,s:0,0,0,s:0,0,0,s:0
Training,Motor,motor_0132.jpg,sT:1,0,s:0,0,0,s:0,0,0,s:0,sT:2,0,s:0,0,0,s:0,0,0,s:0,sT:3,0,s:0,0,0,s:0,0,0,s:0
Training,Motor,motor_0127.jpg,sT:1,0,s:0,0,0,s:0,0,0,s:0,sT:2,0,s:0,0,0,s:0,0,0,s:0,sT:3,0,s:0,0,0,s:0,0,0,s:0
Training,Face,image_0176.jpg,sT:1,0,s:0,0,0,s:0,0,0,s:0,sT:2,0,s:0,0,0,s:0,0,0,s:0,sT:3,0,s:0,0,0,s:0,0,0,s:0
Training,Face,image_0154.jpg,sT:1,0,s:0,0,0,s:0,0,0,s:0,sT:2,0,s:0,0,0,s:0,0,0,s:0,sT:3,0,s:0,0,0,s:0,0,0,s:0
Training,Face,image_0177.jpg,sT:1,0,s:0,0,0,s:0,0,0,s:0,sT:2,0,s:0,0,0,s:0,0,0,s:0,sT:3,0,s:0,0,0,s:0,0,0,s:0
Training,Face,image_0397.jpg,sT:1,0,s:0,0,0,s:0,0,0,s:0,sT:2,0,s:0,0,0,s:0,0,0,s:0,sT:3,0,s:0,0,0,s:0,0,0,s:0
Training,Face,image_0181.jpg,sT:1,0,s:0,0,0,s:0,0,0,s:0,sT:2,0,s:0,0,0,s:0,0,0,s:0,sT:3,0,s:0,0,0,s:0,0,0,s:0
Training,Face,image_0341.jpg,sT:1,0,s:0,0,0,s:0,0,0,s:0,sT:2,0,s:0,0,0,s:0,0,0,s:0,sT:3,0,s:0,0,0,s:0,0,0,s:0
Training,Motor,motor_0024.jpg,sT:1,0,s:0,0,0,s:0,0,0,s:0,sT:2,0,s:0,0,0,s:0,0,0,s:0,sT:3,0,s:0,0,0,s:0,0,0,s:0
Training,Motor,motor_0071.jpg,sT:1,0,s:0,0,0,s:0,0,0,s:0,sT:2,0,s:0,0,0,s:0,0,0,s:0,sT:3,0,s:0,0,0,s:0,0,0,s:0
Training,Motor,motor_0091.jpg,sT:1,0,s:0,0,0,s:0,0,0,s:0,sT:2,0,s:0,0,0,s:0,0,0,s:0,sT:3,0,s:0,0,0,s:0,0,0,s:0
Training,Motor,motor_0004.jpg,sT:1,0,s:0,0,0,s:0,0,0,s:0,sT:2,0,s:0,0,0,s:0,0,0,s:0,sT:3,0,s:0,0,0,s:0,0,0,s:0
Training,Motor,motor_0184.jpg,sT:1,0,s:0,0,0,s:0,0,0,s:0,sT:2,0,s:0,0,0,s:0,0,0,s:0,sT:3,0,s:0,0,0,s:0,0,0,s:0
Training,Face,image_0333.jpg,sT:1,0,s:0,0,0,s:0,0,0,s:0,sT:2,0,s:0,0,0,s:0,0,0,s:0,sT:3,0,s:0,0,0,s:0,0,0,s:0
Training,Face,image_0062.jpg,sT:1,0,s:0,0,0,s:0,0,0,s:0,sT:2,0,s:0,0,0,s:0,0,0,s:0,sT:3,0,s:0,0,0,s:0,0,0,s:0
Training,Motor,motor_0011.jpg,sT:1,0,s:0,0,0,s:0,0,0,s:0,sT:2,0,s:0,0,0,s:0,0,0,s:0,sT:3,0,s:0,0,0,s:0,0,0,s:0
Training,Motor,motor_0137.jpg,sT:1,0,s:0,0,0,s:0,0,0,s:0,sT:2,0,s:0,0,0,s:0,0,0,s:0,sT:3,0,s:0,0,0,s:0,0,0,s:0
Training,Face,image_0095.jpg,sT:1,0,s:0,0,0,s:0,0,0,s:0,sT:2,0,s:0,0,0,s:0,0,0,s:0,sT:3,0,s:0,0,0,s:0,0,0,s:0
Training,Face,image_0055.jpg,sT:1,0,s:0,0,0,s:0,0,0,s:0,sT:2,0,s:0,0,0,s:0,0,0,s:0,sT:3,0,s:0,0,0,s:0,0,0,s:0
Training,Face,image_0247.jpg,sT:1,0,s:0,0,0,s:0,0,0,s:0,sT:2,0,s:0,0,0,s:0,0,0,s:0,sT:3,0,s:0,0,0,s:0,0,0,s:0
Training,Motor,motor_0231.jpg,sT:1,0,s:0,0,0,s:0,0,0,s:0,sT:2,0,s:0,0,0,s:0,0,0,s:0,sT:3,0,s:0,0,0,s:0,0,0,s:0
Training,Face,image_0100.jpg,sT:1,0,s:0,0,0,s:0,0,0,s:0,sT:2,0,s:0,0,0,s:0,0,0,s:0,sT:3,0,s:0,0,0,s:0,0,0,s:0
Training,Motor,motor_0101.jpg,sT:1,0,s:0,0,0,s:0,0,0,s:0,sT:2,0,s:0,0,0,s:0,0,0,s:0,sT:3,0,s:0,0,0,s:0,0,0,s:0
Training,Face,image_0161.jpg,sT:1,0,s:0,0,0,s:0,0,0,s:0,sT:2,0,s:0,0,0,s:0,0,0,s:0,sT:3,0,s:0,0,0,s:0,0,0,s:0
Training,Face,image_0286.jpg,sT:1,0,s:0,0,0,s:0,0,0,s:0,sT:2,0,s:0,0,0,s:0,0,0,s:0,sT:3,0,s:0,0,0,s:0,0,0,s:0
Training,Motor,motor_0112.jpg,sT:1,0,s:0,0,0,s:0,0,0,s:0,sT:2,0,s:0,0,0,s:0,0,0,s:0,sT:3,0,s:0,0,0,s:0,0,0,s:0
Training,Motor,motor_0194.jpg,sT:1,0,s:0,0,0,s:0,0,0,s:0,sT:2,0,s:0,0,0,s:0,0,0,s:0,sT:3,0,s:0,0,0,s:0,0,0,s:0
Training,Face,image_0064.jpg,sT:1,0,s:0,0,0,s:0,0,0,s:0,sT:2,0,s:0,0,0,s:0,0,0,s:0,sT:3,0,s:0,0,0,s:0,0,0,s:0
Training,Face,image_0322.jpg,sT:1,0,s:0,0,0,s:0,0,0,s:0,sT:2,0,s:0,0,0,s:0,0,0,s:0,sT:3,0,s:0,0,0,s:0,0,0,s:0
Training,Face,image_0368.jpg,sT:1,0,s:0,0,0,s:0,0,0,s:0,sT:2,0,s:0,0,0,s:0,0,0,s:0,sT:3,0,s:0,0,0,s:0,0,0,s:0
Training,Motor,motor_0005.jpg,sT:1,0,s:0,0,0,s:0,0,0,s:0,sT:2,0,s:0,0,0,s:0,0,0,s:0,sT:3,0,s:0,0,0,s:0,0,0,s:0
Training,Motor,motor_0074.jpg,sT:1,0,s:0,0,0,s:0,0,0,s:0,sT:2,0,s:0,0,0,s:0,0,0,s:0,sT:3,0,s:0,0,0,s:0,0,0,s:0
Training,Face,image_0097.jpg,sT:1,0,s:0,0,0,s:0,0,0,s:0,sT:2,0,s:0,0,0,s:0,0,0,s:0,sT:3,0,s:0,0,0,s:0,0,0,s:0
Training,Face,image_0091.jpg,sT:1,0,s:0,0,0,s:0,0,0,s:0,sT:2,0,s:0,0,0,s:0,0,0,s:0,sT:3,0,s:0,0,0,s:0,0,0,s:0
Training,Face,image_0166.jpg,sT:1,0,s:0,0,0,s:0,0,0,s:0,sT:2,0,s:0,0,0,s:0,0,0,s:0,sT:3,0,s:0,0,0,s:0,0,0,s:0
Training,Motor,motor_0009.jpg,sT:1,0,s:0,0,0,s:0,0,0,s:0,sT:2,0,s:0,0,0,s:0,0,0,s:0,sT:3,0,s:0,0,0,s:0,0,0,s:0
Training,Motor,motor_0182.jpg,sT:1,0,s:0,0,0,s:0,0,0,s:0,sT:2,0,s:0,0,0,s:0,0,0,s:0,sT:3,0,s:0,0,0,s:0,0,0,s:0
Training,Face,image_0093.jpg,sT:1,0,s:0,0,0,s:0,0,0,s:0,sT:2,0,s:0,0,0,s:0,0,0,s:0,sT:3,0,s:0,0,0,s:0,0,0,s:0
Training,Motor,motor_0164.jpg,sT:1,0,s:0,0,0,s:0,0,0,s:0,sT:2,0,s:0,0,0,s:0,0,0,s:0,sT:3,0,s:0,0,0,s:0,0,0,s:0
Training,Face,image_0144.jpg,sT:1,0,s:0,0,0,s:0,0,0,s:0,sT:2,0,s:0,0,0,s:0,0,0,s:0,sT:3,0,s:0,0,0,s:0,0,0,s:0
Training,Face,image_0117.jpg,sT:1,0,s:0,0,0,s:0,0,0,s:0,sT:2,0,s:0,0,0,s:0,0,0,s:0,sT:3,0,s:0,0,0,s:0,0,0,s:0
Training,Motor,motor_0068.jpg,sT:1,0,s:0,0,0,s:0,0,0,s:0,sT:2,0,s:0,0,0,s:0,0,0,s:0,sT:3,0,s:0,0,0,s:0,0,0,s:0
Training,Motor,motor_0012.jpg,sT:1,0,s:0,0,0,s:0,0,0,s:0,sT:2,0,s:0,0,0,s:0,0,0,s:0,sT:3,0,s:0,0,0,s:0,0,0,s:0
Training,Motor,motor_0141.jpg,sT:1,0,s:0,0,0,s:0,0,0,s:0,sT:2,0,s:0,0,0,s:0,0,0,s:0,sT:3,0,s:0,0,0,s:0,0,0,s:0
Training,Face,image_0150.jpg,sT:1,0,s:0,0,0,s:0,0,0,s:0,sT:2,0,s:0,0,0,s:0,0,0,s:0,sT:3,0,s:0,0,0,s:0,0,0,s:0
Training,Motor,motor_0118.jpg,sT:1,0,s:0,0,0,s:0,0,0,s:0,sT:2,0,s:0,0,0,s:0,0,0,s:0,sT:3,0,s:0,0,0,s:0,0,0,s:0
Training,Motor,motor_0165.jpg,sT:1,0,s:0,0,0,s:0,0,0,s:0,sT:2,0,s:0,0,0,s:0,0,0,s:0,sT:3,0,s:0,0,0,s:0,0,0,s:0
Training,Face,image_0421.jpg,sT:1,0,s:0,0,0,s:0,0,0,s:0,sT:2,0,s:0,0,0,s:0,0,0,s:0,sT:3,0,s:0,0,0,s:0,0,0,s:0
Training,Face,image_0080.jpg,sT:1,0,s:0,0,0,s:0,0,0,s:0,sT:2,0,s:0,0,0,s:0,0,0,s:0,sT:3,0,s:0,0,0,s:0,0,0,s:0
Training,Face,image_0185.jpg,sT:1,0,s:0,0,0,s:0,0,0,s:0,sT:2,0,s:0,0,0,s:0,0,0,s:0,sT:3,0,s:0,0,0,s:0,0,0,s:0
Training,Motor,motor_0146.jpg,sT:1,0,s:0,0,0,s:0,0,0,s:0,sT:2,0,s:0,0,0,s:0,0,0,s:0,sT:3,0,s:0,0,0,s:0,0,0,s:0
Training,Motor,motor_0136.jpg,sT:1,0,s:0,0,0,s:0,0,0,s:0,sT:2,0,s:0,0,0,s:0,0,0,s:0,sT:3,0,s:0,0,0,s:0,0,0,s:0
Training,Face,image_0077.jpg,sT:1,0,s:0,0,0,s:0,0,0,s:0,sT:2,0,s:0,0,0,s:0,0,0,s:0,sT:3,0,s:0,0,0,s:0,0,0,s:0
Training,Face,image_0113.jpg,sT:1,0,s:0,0,0,s:0,0,0,s:0,sT:2,0,s:0,0,0,s:0,0,0,s:0,sT:3,0,s:0,0,0,s:0,0,0,s:0
Training,Face,image_0082.jpg,sT:1,0,s:0,0,0,s:0,0,0,s:0,sT:2,0,s:0,0,0,s:0,0,0,s:0,sT:3,0,s:0,0,0,s:0,0,0,s:0
Training,Face,image_0084.jpg,sT:1,0,s:0,0,0,s:0,0,0,s:0,sT:2,0,s:0,0,0,s:0,0,0,s:0,sT:3,0,s:0,0,0,s:0,0,0,s:0
Training,Face,image_0276.jpg,sT:1,0,s:0,0,0,s:0,0,0,s:0,sT:2,0,s:0,0,0,s:0,0,0,s:0,sT:3,0,s:0,0,0,s:0,0,0,s:0
Training,Face,image_0238.jpg,sT:1,0,s:0,0,0,s:0,0,0,s:0,sT:2,0,s:0,0,0,s:0,0,0,s:0,sT:3,0,s:0,0,0,s:0,0,0,s:0
Training,Face,image_0265.jpg,sT:1,0,s:0,0,0,s:0,0,0,s:0,sT:2,0,s:0,0,0,s:0,0,0,s:0,sT:3,0,s:0,0,0,s:0,0,0,s:0
Training,Motor,motor_0234.jpg,sT:1,0,s:0,0,0,s:0,0,0,s:0,sT:2,0,s:0,0,0,s:0,0,0,s:0,sT:3,0,s:0,0,0,s:0,0,0,s:0
Training,Face,image_0073.jpg,sT:1,0,s:0,0,0,s:0,0,0,s:0,sT:2,0,s:0,0,0,s:0,0,0,s:0,sT:3,0,s:0,0,0,s:0,0,0,s:0
Training,Face,image_0146.jpg,sT:1,0,s:0,0,0,s:0,0,0,s:0,sT:2,0,s:0,0,0,s:0,0,0,s:0,sT:3,0,s:0,0,0,s:0,0,0,s:0
Training,Face,image_0363.jpg,sT:1,0,s:0,0,0,s:0,0,0,s:0,sT:2,0,s:0,0,0,s:0,0,0,s:0,sT:3,0,s:0,0,0,s:0,0,0,s:0
Training,Face,image_0375.jpg,sT:1,0,s:0,0,0,s:0,0,0,s:0,sT:2,0,s:0,0,0,s:0,0,0,s:0,sT:3,0,s:0,0,0,s:0,0,0,s:0
Training,Face,image_0038.jpg,sT:1,0,s:0,0,0,s:0,0,0,s:0,sT:2,0,s:0,0,0,s:0,0,0,s:0,sT:3,0,s:0,0,0,s:0,0,0,s:0
Training,Motor,motor_0224.jpg,sT:1,0,s:0,0,0,s:0,0,0,s:0,sT:2,0,s:0,0,0,s:0,0,0,s:0,sT:3,0,s:0,0,0,s:0,0,0,s:0
Training,Motor,motor_0196.jpg,sT:1,0,s:0,0,0,s:0,0,0,s:0,sT:2,0,s:0,0,0,s:0,0,0,s:0,sT:3,0,s:0,0,0,s:0,0,0,s:0
Training,Face,image_0419.jpg,sT:1,0,s:0,0,0,s:0,0,0,s:0,sT:2,0,s:0,0,0,s:0,0,0,s:0,sT:3,0,s:0,0,0,s:0,0,0,s:0
Training,Motor,motor_0003.jpg,sT:1,0,s:0,0,0,s:0,0,0,s:0,sT:2,0,s:0,0,0,s:0,0,0,s:0,sT:3,0,s:0,0,0,s:0,0,0,s:0
Training,Motor,motor_0001.jpg,sT:1,0,s:0,0,0,s:0,0,0,s:0,sT:2,0,s:0,0,0,s:0,0,0,s:0,sT:3,0,s:0,0,0,s:0,0,0,s:0
Training,Face,image_0278.jpg,sT:1,0,s:0,0,0,s:0,0,0,s:0,sT:2,0,s:0,0,0,s:0,0,0,s:0,sT:3,0,s:0,0,0,s:0,0,0,s:0
Training,Motor,motor_0120.jpg,sT:1,0,s:0,0,0,s:0,0,0,s:0,sT:2,0,s:0,0,0,s:0,0,0,s:0,sT:3,0,s:0,0,0,s:0,0,0,s:0
Training,Face,image_0240.jpg,sT:1,0,s:0,0,0,s:0,0,0,s:0,sT:2,0,s:0,0,0,s:0,0,0,s:0,sT:3,0,s:0,0,0,s:0,0,0,s:0
Training,Motor,motor_0094.jpg,sT:1,0,s:0,0,0,s:0,0,0,s:0,sT:2,0,s:0,0,0,s:0,0,0,s:0,sT:3,0,s:0,0,0,s:0,0,0,s:0
Training,Motor,motor_0143.jpg,sT:1,0,s:0,0,0,s:0,0,0,s:0,sT:2,0,s:0,0,0,s:0,0,0,s:0,sT:3,0,s:0,0,0,s:0,0,0,s:0
Training,Face,image_0047.jpg,sT:1,0,s:0,0,0,s:0,0,0,s:0,sT:2,0,s:0,0,0,s:0,0,0,s:0,sT:3,0,s:0,0,0,s:0,0,0,s:0
Training,Motor,motor_0085.jpg,sT:1,0,s:0,0,0,s:0,0,0,s:0,sT:2,0,s:0,0,0,s:0,0,0,s:0,sT:3,0,s:0,0,0,s:0,0,0,s:0
Training,Face,image_0357.jpg,sT:1,0,s:0,0,0,s:0,0,0,s:0,sT:2,0,s:0,0,0,s:0,0,0,s:0,sT:3,0,s:0,0,0,s:0,0,0,s:0
Training,Motor,motor_0078.jpg,sT:1,0,s:0,0,0,s:0,0,0,s:0,sT:2,0,s:0,0,0,s:0,0,0,s:0,sT:3,0,s:0,0,0,s:0,0,0,s:0
Training,Face,image_0273.jpg,sT:1,0,s:0,0,0,s:0,0,0,s:0,sT:2,0,s:0,0,0,s:0,0,0,s:0,sT:3,0,s:0,0,0,s:0,0,0,s:0
Training,Motor,motor_0114.jpg,sT:1,0,s:0,0,0,s:0,0,0,s:0,sT:2,0,s:0,0,0,s:0,0,0,s:0,sT:3,0,s:0,0,0,s:0,0,0,s:0
Training,Motor,motor_0150.jpg,sT:1,0,s:0,0,0,s:0,0,0,s:0,sT:2,0,s:0,0,0,s:0,0,0,s:0,sT:3,0,s:0,0,0,s:0,0,0,s:0
Training,Face,image_0352.jpg,sT:1,0,s:0,0,0,s:0,0,0,s:0,sT:2,0,s:0,0,0,s:0,0,0,s:0,sT:3,0,s:0,0,0,s:0,0,0,s:0
Training,Motor,motor_0028.jpg,sT:1,0,s:0,0,0,s:0,0,0,s:0,sT:2,0,s:0,0,0,s:0,0,0,s:0,sT:3,0,s:0,0,0,s:0,0,0,s:0
Training,Motor,motor_0187.jpg,sT:1,0,s:0,0,0,s:0,0,0,s:0,sT:2,0,s:0,0,0,s:0,0,0,s:0,sT:3,0,s:0,0,0,s:0,0,0,s:0
Training,Motor,motor_0151.jpg,sT:1,0,s:0,0,0,s:0,0,0,s:0,sT:2,0,s:0,0,0,s:0,0,0,s:0,sT:3,0,s:0,0,0,s:0,0,0,s:0
Training,Face,image_0293.jpg,sT:1,0,s:0,0,0,s:0,0,0,s:0,sT:2,0,s:0,0,0,s:0,0,0,s:0,sT:3,0,s:0,0,0,s:0,0,0,s:0
Training,Face,image_0141.jpg,sT:1,0,s:0,0,0,s:0,0,0,s:0,sT:2,0,s:0,0,0,s:0,0,0,s:0,sT:3,0,s:0,0,0,s:0,0,0,s:0
Training,Motor,motor_0069.jpg,sT:1,0,s:0,0,0,s:0,0,0,s:0,sT:2,0,s:0,0,0,s:0,0,0,s:0,sT:3,0,s:0,0,0,s:0,0,0,s:0
Training,Face,image_0430.jpg,sT:1,0,s:0,0,0,s:0,0,0,s:0,sT:2,0,s:0,0,0,s:0,0,0,s:0,sT:3,0,s:0,0,0,s:0,0,0,s:0
Training,Motor,motor_0139.jpg,sT:1,0,s:0,0,0,s:0,0,0,s:0,sT:2,0,s:0,0,0,s:0,0,0,s:0,sT:3,0,s:0,0,0,s:0,0,0,s:0
Training,Motor,motor_0100.jpg,sT:1,0,s:0,0,0,s:0,0,0,s:0,sT:2,0,s:0,0,0,s:0,0,0,s:0,sT:3,0,s:0,0,0,s:0,0,0,s:0
Training,Face,image_0199.jpg,sT:1,0,s:0,0,0,s:0,0,0,s:0,sT:2,0,s:0,0,0,s:0,0,0,s:0,sT:3,0,s:0,0,0,s:0,0,0,s:0
Training,Motor,motor_0062.jpg,sT:1,0,s:0,0,0,s:0,0,0,s:0,sT:2,0,s:0,0,0,s:0,0,0,s:0,sT:3,0,s:0,0,0,s:0,0,0,s:0
Training,Motor,motor_0037.jpg,sT:1,0,s:0,0,0,s:0,0,0,s:0,sT:2,0,s:0,0,0,s:0,0,0,s:0,sT:3,0,s:0,0,0,s:0,0,0,s:0
Training,Face,image_0196.jpg,sT:1,0,s:0,0,0,s:0,0,0,s:0,sT:2,0,s:0,0,0,s:0,0,0,s:0,sT:3,0,s:0,0,0,s:0,0,0,s:0
Training,Face,image_0317.jpg,sT:1,0,s:0,0,0,s:0,0,0,s:0,sT:2,0,s:0,0,0,s:0,0,0,s:0,sT:3,0,s:0,0,0,s:0,0,0,s:0
Training,Face,image_0170.jpg,sT:1,0,s:0,0,0,s:0,0,0,s:0,sT:2,0,s:0,0,0,s:0,0,0,s:0,sT:3,0,s:0,0,0,s:0,0,0,s:0
Training,Motor,motor_0167.jpg,sT:1,0,s:0,0,0,s:0,0,0,s:0,sT:2,0,s:0,0,0,s:0,0,0,s:0,sT:3,0,s:0,0,0,s:0,0,0,s:0
Training,Motor,motor_0140.jpg,sT:1,0,s:0,0,0,s:0,0,0,s:0,sT:2,0,s:0,0,0,s:0,0,0,s:0,sT:3,0,s:0,0,0,s:0,0,0,s:0
Training,Face,image_0427.jpg,sT:1,0,s:0,0,0,s:0,0,0,s:0,sT:2,0,s:0,0,0,s:0,0,0,s:0,sT:3,0,s:0,0,0,s:0,0,0,s:0
Training,Motor,motor_0221.jpg,sT:1,0,s:0,0,0,s:0,0,0,s:0,sT:2,0,s:0,0,0,s:0,0,0,s:0,sT:3,0,s:0,0,0,s:0,0,0,s:0
Training,Motor,motor_0031.jpg,sT:1,0,s:0,0,0,s:0,0,0,s:0,sT:2,0,s:0,0,0,s:0,0,0,s:0,sT:3,0,s:0,0,0,s:0,0,0,s:0
Training,Face,image_0410.jpg,sT:1,0,s:0,0,0,s:0,0,0,s:0,sT:2,0,s:0,0,0,s:0,0,0,s:0,sT:3,0,s:0,0,0,s:0,0,0,s:0
Training,Face,image_0056.jpg,sT:1,0,s:0,0,0,s:0,0,0,s:0,sT:2,0,s:0,0,0,s:0,0,0,s:0,sT:3,0,s:0,0,0,s:0,0,0,s:0
Training,Face,image_0089.jpg,sT:1,0,s:0,0,0,s:0,0,0,s:0,sT:2,0,s:0,0,0,s:0,0,0,s:0,sT:3,0,s:0,0,0,s:0,0,0,s:0
Training,Face,image_0331.jpg,sT:1,0,s:0,0,0,s:0,0,0,s:0,sT:2,0,s:0,0,0,s:0,0,0,s:0,sT:3,0,s:0,0,0,s:0,0,0,s:0
Training,Face,image_0253.jpg,sT:1,0,s:0,0,0,s:0,0,0,s:0,sT:2,0,s:0,0,0,s:0,0,0,s:0,sT:3,0,s:0,0,0,s:0,0,0,s:0
Training,Face,image_0168.jpg,sT:1,0,s:0,0,0,s:0,0,0,s:0,sT:2,0,s:0,0,0,s:0,0,0,s:0,sT:3,0,s:0,0,0,s:0,0,0,s:0
Training,Face,image_0060.jpg,sT:1,0,s:0,0,0,s:0,0,0,s:0,sT:2,0,s:0,0,0,s:0,0,0,s:0,sT:3,0,s:0,0,0,s:0,0,0,s:0
Training,Motor,motor_0119.jpg,sT:1,0,s:0,0,0,s:0,0,0,s:0,sT:2,0,s:0,0,0,s:0,0,0,s:0,sT:3,0,s:0,0,0,s:0,0,0,s:0
Training,Motor,motor_0176.jpg,sT:1,0,s:0,0,0,s:0,0,0,s:0,sT:2,0,s:0,0,0,s:0,0,0,s:0,sT:3,0,s:0,0,0,s:0,0,0,s:0
Training,Face,image_0106.jpg,sT:1,0,s:0,0,0,s:0,0,0,s:0,sT:2,0,s:0,0,0,s:0,0,0,s:0,sT:3,0,s:0,0,0,s:0,0,0,s:0
Training,Motor,motor_0212.jpg,sT:1,0,s:0,0,0,s:0,0,0,s:0,sT:2,0,s:0,0,0,s:0,0,0,s:0,sT:3,0,s:0,0,0,s:0,0,0,s:0
Training,Face,image_0128.jpg,sT:1,0,s:0,0,0,s:0,0,0,s:0,sT:2,0,s:0,0,0,s:0,0,0,s:0,sT:3,0,s:0,0,0,s:0,0,0,s:0
Training,Face,image_0152.jpg,sT:1,0,s:0,0,0,s:0,0,0,s:0,sT:2,0,s:0,0,0,s:0,0,0,s:0,sT:3,0,s:0,0,0,s:0,0,0,s:0
Training,Face,image_0275.jpg,sT:1,0,s:0,0,0,s:0,0,0,s:0,sT:2,0,s:0,0,0,s:0,0,0,s:0,sT:3,0,s:0,0,0,s:0,0,0,s:0
Training,Motor,motor_0180.jpg,sT:1,0,s:0,0,0,s:0,0,0,s:0,sT:2,0,s:0,0,0,s:0,0,0,s:0,sT:3,0,s:0,0,0,s:0,0,0,s:0
Training,Face,image_0401.jpg,sT:1,0,s:0,0,0,s:0,0,0,s:0,sT:2,0,s:0,0,0,s:0,0,0,s:0,sT:3,0,s:0,0,0,s:0,0,0,s:0
Training,Face,image_0067.jpg,sT:1,0,s:0,0,0,s:0,0,0,s:0,sT:2,0,s:0,0,0,s:0,0,0,s:0,sT:3,0,s:0,0,0,s:0,0,0,s:0
Training,Motor,motor_0002.jpg,sT:1,0,s:0,0,0,s:0,0,0,s:0,sT:2,0,s:0,0,0,s:0,0,0,s:0,sT:3,0,s:0,0,0,s:0,0,0,s:0
Training,Motor,motor_0053.jpg,sT:1,0,s:0,0,0,s:0,0,0,s:0,sT:2,0,s:0,0,0,s:0,0,0,s:0,sT:3,0,s:0,0,0,s:0,0,0,s:0
Training,Face,image_0179.jpg,sT:1,0,s:0,0,0,s:0,0,0,s:0,sT:2,0,s:0,0,0,s:0,0,0,s:0,sT:3,0,s:0,0,0,s:0,0,0,s:0
Training,Face,image_0148.jpg,sT:1,0,s:0,0,0,s:0,0,0,s:0,sT:2,0,s:0,0,0,s:0,0,0,s:0,sT:3,0,s:0,0,0,s:0,0,0,s:0
Training,Face,image_0203.jpg,sT:1,0,s:0,0,0,s:0,0,0,s:0,sT:2,0,s:0,0,0,s:0,0,0,s:0,sT:3,0,s:0,0,0,s:0,0,0,s:0
Training,Face,image_0115.jpg,sT:1,0,s:0,0,0,s:0,0,0,s:0,sT:2,0,s:0,0,0,s:0,0,0,s:0,sT:3,0,s:0,0,0,s:0,0,0,s:0
Training,Motor,motor_0090.jpg,sT:1,0,s:0,0,0,s:0,0,0,s:0,sT:2,0,s:0,0,0,s:0,0,0,s:0,sT:3,0,s:0,0,0,s:0,0,0,s:0
Training,Face,image_0342.jpg,sT:1,0,s:0,0,0,s:0,0,0,s:0,sT:2,0,s:0,0,0,s:0,0,0,s:0,sT:3,0,s:0,0,0,s:0,0,0,s:0
Training,Motor,motor_0181.jpg,sT:1,0,s:0,0,0,s:0,0,0,s:0,sT:2,0,s:0,0,0,s:0,0,0,s:0,sT:3,0,s:0,0,0,s:0,0,0,s:0
Training,Face,image_0157.jpg,sT:1,0,s:0,0,0,s:0,0,0,s:0,sT:2,0,s:0,0,0,s:0,0,0,s:0,sT:3,0,s:0,0,0,s:0,0,0,s:0
Training,Motor,motor_0092.jpg,sT:1,0,s:0,0,0,s:0,0,0,s:0,sT:2,0,s:0,0,0,s:0,0,0,s:0,sT:3,0,s:0,0,0,s:0,0,0,s:0
Training,Motor,motor_0052.jpg,sT:1,0,s:0,0,0,s:0,0,0,s:0,sT:2,0,s:0,0,0,s:0,0,0,s:0,sT:3,0,s:0,0,0,s:0,0,0,s:0
Training,Face,image_0025.jpg,sT:1,0,s:0,0,0,s:0,0,0,s:0,sT:2,0,s:0,0,0,s:0,0,0,s:0,sT:3,0,s:0,0,0,s:0,0,0,s:0
Training,Face,image_0049.jpg,sT:1,0,s:0,0,0,s:0,0,0,s:0,sT:2,0,s:0,0,0,s:0,0,0,s:0,sT:3,0,s:0,0,0,s:0,0,0,s:0
Training,Face,image_0099.jpg,sT:1,0,s:0,0,0,s:0,0,0,s:0,sT:2,0,s:0,0,0,s:0,0,0,s:0,sT:3,0,s:0,0,0,s:0,0,0,s:0
Training,Face,image_0328.jpg,sT:1,0,s:0,0,0,s:0,0,0,s:0,sT:2,0,s:0,0,0,s:0,0,0,s:0,sT:3,0,s:0,0,0,s:0,0,0,s:0
Training,Motor,motor_0208.jpg,sT:1,0,s:0,0,0,s:0,0,0,s:0,sT:2,0,s:0,0,0,s:0,0,0,s:0,sT:3,0,s:0,0,0,s:0,0,0,s:0
Training,Face,image_0383.jpg,sT:1,0,s:0,0,0,s:0,0,0,s:0,sT:2,0,s:0,0,0,s:0,0,0,s:0,sT:3,0,s:0,0,0,s:0,0,0,s:0
Training,Face,image_0011.jpg,sT:1,0,s:0,0,0,s:0,0,0,s:0,sT:2,0,s:0,0,0,s:0,0,0,s:0,sT:3,0,s:0,0,0,s:0,0,0,s:0
Training,Motor,motor_0087.jpg,sT:1,0,s:0,0,0,s:0,0,0,s:0,sT:2,0,s:0,0,0,s:0,0,0,s:0,sT:3,0,s:0,0,0,s:0,0,0,s:0
Training,Motor,motor_0049.jpg,sT:1,0,s:0,0,0,s:0,0,0,s:0,sT:2,0,s:0,0,0,s:0,0,0,s:0,sT:3,0,s:0,0,0,s:0,0,0,s:0
Training,Motor,motor_0041.jpg,sT:1,0,s:0,0,0,s:0,0,0,s:0,sT:2,0,s:0,0,0,s:0,0,0,s:0,sT:3,0,s:0,0,0,s:0,0,0,s:0
Training,Motor,motor_0200.jpg,sT:1,0,s:0,0,0,s:0,0,0,s:0,sT:2,0,s:0,0,0,s:0,0,0,s:0,sT:3,0,s:0,0,0,s:0,0,0,s:0
Training,Face,image_0135.jpg,sT:1,0,s:0,0,0,s:0,0,0,s:0,sT:2,0,s:0,0,0,s:0,0,0,s:0,sT:3,0,s:0,0,0,s:0,0,0,s:0
Training,Motor,motor_0099.jpg,sT:1,0,s:0,0,0,s:0,0,0,s:0,sT:2,0,s:0,0,0,s:0,0,0,s:0,sT:3,0,s:0,0,0,s:0,0,0,s:0
Training,Motor,motor_0045.jpg,sT:1,0,s:0,0,0,s:0,0,0,s:0,sT:2,0,s:0,0,0,s:0,0,0,s:0,sT:3,0,s:0,0,0,s:0,0,0,s:0
Training,Motor,motor_0215.jpg,sT:1,0,s:0,0,0,s:0,0,0,s:0,sT:2,0,s:0,0,0,s:0,0,0,s:0,sT:3,0,s:0,0,0,s:0,0,0,s:0
Training,Face,image_0295.jpg,sT:1,0,s:0,0,0,s:0,0,0,s:0,sT:2,0,s:0,0,0,s:0,0,0,s:0,sT:3,0,s:0,0,0,s:0,0,0,s:0
Training,Face,image_0330.jpg,sT:1,0,s:0,0,0,s:0,0,0,s:0,sT:2,0,s:0,0,0,s:0,0,0,s:0,sT:3,0,s:0,0,0,s:0,0,0,s:0
Training,Face,image_0374.jpg,sT:1,0,s:0,0,0,s:0,0,0,s:0,sT:2,0,s:0,0,0,s:0,0,0,s:0,sT:3,0,s:0,0,0,s:0,0,0,s:0
Training,Face,image_0313.jpg,sT:1,0,s:0,0,0,s:0,0,0,s:0,sT:2,0,s:0,0,0,s:0,0,0,s:0,sT:3,0,s:0,0,0,s:0,0,0,s:0
Training,Motor,motor_0030.jpg,sT:1,0,s:0,0,0,s:0,0,0,s:0,sT:2,0,s:0,0,0,s:0,0,0,s:0,sT:3,0,s:0,0,0,s:0,0,0,s:0
Training,Motor,motor_0084.jpg,sT:1,0,s:0,0,0,s:0,0,0,s:0,sT:2,0,s:0,0,0,s:0,0,0,s:0,sT:3,0,s:0,0,0,s:0,0,0,s:0
Training,Face,image_0040.jpg,sT:1,0,s:0,0,0,s:0,0,0,s:0,sT:2,0,s:0,0,0,s:0,0,0,s:0,sT:3,0,s:0,0,0,s:0,0,0,s:0
Training,Motor,motor_0159.jpg,sT:1,0,s:0,0,0,s:0,0,0,s:0,sT:2,0,s:0,0,0,s:0,0,0,s:0,sT:3,0,s:0,0,0,s:0,0,0,s:0
Training,Motor,motor_0178.jpg,sT:1,0,s:0,0,0,s:0,0,0,s:0,sT:2,0,s:0,0,0,s:0,0,0,s:0,sT:3,0,s:0,0,0,s:0,0,0,s:0
Training,Motor,motor_0093.jpg,sT:1,0,s:0,0,0,s:0,0,0,s:0,sT:2,0,s:0,0,0,s:0,0,0,s:0,sT:3,0,s:0,0,0,s:0,0,0,s:0
Training,Face,image_0088.jpg,sT:1,0,s:0,0,0,s:0,0,0,s:0,sT:2,0,s:0,0,0,s:0,0,0,s:0,sT:3,0,s:0,0,0,s:0,0,0,s:0
Training,Face,image_0326.jpg,sT:1,0,s:0,0,0,s:0,0,0,s:0,sT:2,0,s:0,0,0,s:0,0,0,s:0,sT:3,0,s:0,0,0,s:0,0,0,s:0
Training,Motor,motor_0058.jpg,sT:1,0,s:0,0,0,s:0,0,0,s:0,sT:2,0,s:0,0,0,s:0,0,0,s:0,sT:3,0,s:0,0,0,s:0,0,0,s:0
Training,Motor,motor_0035.jpg,sT:1,0,s:0,0,0,s:0,0,0,s:0,sT:2,0,s:0,0,0,s:0,0,0,s:0,sT:3,0,s:0,0,0,s:0,0,0,s:0
Training,Face,image_0124.jpg,sT:1,0,s:0,0,0,s:0,0,0,s:0,sT:2,0,s:0,0,0,s:0,0,0,s:0,sT:3,0,s:0,0,0,s:0,0,0,s:0
Training,Face,image_0051.jpg,sT:1,0,s:0,0,0,s:0,0,0,s:0,sT:2,0,s:0,0,0,s:0,0,0,s:0,sT:3,0,s:0,0,0,s:0,0,0,s:0
Training,Face,image_0249.jpg,sT:1,0,s:0,0,0,s:0,0,0,s:0,sT:2,0,s:0,0,0,s:0,0,0,s:0,sT:3,0,s:0,0,0,s:0,0,0,s:0
Training,Motor,motor_0223.jpg,sT:1,0,s:0,0,0,s:0,0,0,s:0,sT:2,0,s:0,0,0,s:0,0,0,s:0,sT:3,0,s:0,0,0,s:0,0,0,s:0
Training,Motor,motor_0110.jpg,sT:1,0,s:0,0,0,s:0,0,0,s:0,sT:2,0,s:0,0,0,s:0,0,0,s:0,sT:3,0,s:0,0,0,s:0,0,0,s:0
Training,Face,image_0069.jpg,sT:1,0,s:0,0,0,s:0,0,0,s:0,sT:2,0,s:0,0,0,s:0,0,0,s:0,sT:3,0,s:0,0,0,s:0,0,0,s:0
Training,Motor,motor_0015.jpg,sT:1,0,s:0,0,0,s:0,0,0,s:0,sT:2,0,s:0,0,0,s:0,0,0,s:0,sT:3,0,s:0,0,0,s:0,0,0,s:0
Training,Face,image_0269.jpg,sT:1,0,s:0,0,0,s:0,0,0,s:0,sT:2,0,s:0,0,0,s:0,0,0,s:0,sT:3,0,s:0,0,0,s:0,0,0,s:0
Training,Motor,motor_0169.jpg,sT:1,0,s:0,0,0,s:0,0,0,s:0,sT:2,0,s:0,0,0,s:0,0,0,s:0,sT:3,0,s:0,0,0,s:0,0,0,s:0
Training,Face,image_0385.jpg,sT:1,0,s:0,0,0,s:0,0,0,s:0,sT:2,0,s:0,0,0,s:0,0,0,s:0,sT:3,0,s:0,0,0,s:0,0,0,s:0
Training,Face,image_0220.jpg,sT:1,0,s:0,0,0,s:0,0,0,s:0,sT:2,0,s:0,0,0,s:0,0,0,s:0,sT:3,0,s:0,0,0,s:0,0,0,s:0
Training,Motor,motor_0192.jpg,sT:1,0,s:0,0,0,s:0,0,0,s:0,sT:2,0,s:0,0,0,s:0,0,0,s:0,sT:3,0,s:0,0,0,s:0,0,0,s:0
Training,Motor,motor_0172.jpg,sT:1,0,s:0,0,0,s:0,0,0,s:0,sT:2,0,s:0,0,0,s:0,0,0,s:0,sT:3,0,s:0,0,0,s:0,0,0,s:0
Training,Face,image_0009.jpg,sT:1,0,s:0,0,0,s:0,0,0,s:0,sT:2,0,s:0,0,0,s:0,0,0,s:0,sT:3,0,s:0,0,0,s:0,0,0,s:0
Training,Motor,motor_0057.jpg,sT:1,0,s:0,0,0,s:0,0,0,s:0,sT:2,0,s:0,0,0,s:0,0,0,s:0,sT:3,0,s:0,0,0,s:0,0,0,s:0
Training,Motor,motor_0211.jpg,sT:1,0,s:0,0,0,s:0,0,0,s:0,sT:2,0,s:0,0,0,s:0,0,0,s:0,sT:3,0,s:0,0,0,s:0,0,0,s:0
Training,Motor,motor_0222.jpg,sT:1,0,s:0,0,0,s:0,0,0,s:0,sT:2,0,s:0,0,0,s:0,0,0,s:0,sT:3,0,s:0,0,0,s:0,0,0,s:0
Training,Motor,motor_0022.jpg,sT:1,0,s:0,0,0,s:0,0,0,s:0,sT:2,0,s:0,0,0,s:0,0,0,s:0,sT:3,0,s:0,0,0,s:0,0,0,s:0
Training,Face,image_0408.jpg,sT:1,0,s:0,0,0,s:0,0,0,s:0,sT:2,0,s:0,0,0,s:0,0,0,s:0,sT:3,0,s:0,0,0,s:0,0,0,s:0
Training,Motor,motor_0059.jpg,sT:1,0,s:0,0,0,s:0,0,0,s:0,sT:2,0,s:0,0,0,s:0,0,0,s:0,sT:3,0,s:0,0,0,s:0,0,0,s:0
Training,Motor,motor_0147.jpg,sT:1,0,s:0,0,0,s:0,0,0,s:0,sT:2,0,s:0,0,0,s:0,0,0,s:0,sT:3,0,s:0,0,0,s:0,0,0,s:0
Training,Motor,motor_0010.jpg,sT:1,0,s:0,0,0,s:0,0,0,s:0,sT:2,0,s:0,0,0,s:0,0,0,s:0,sT:3,0,s:0,0,0,s:0,0,0,s:0
Training,Face,image_0143.jpg,sT:1,0,s:0,0,0,s:0,0,0,s:0,sT:2,0,s:0,0,0,s:0,0,0,s:0,sT:3,0,s:0,0,0,s:0,0,0,s:0
0,1,5,11,7,13,5,1,2,55,-1,1,111,1368,5714,8481,4924,1394,237,31,859,-1,1,112,1373,5725,8488,4937,1399,238,33,914
Training,Motor,motor_0219.jpg,sT:1,0,s:0,0,0,s:0,0,0,s:0,sT:2,0,s:0,0,0,s:0,0,0,s:0,sT:3,0,s:0,0,0,s:0,0,0,s:0
Training,Face,image_0337.jpg,sT:1,0,s:0,0,0,s:0,0,0,s:0,sT:2,0,s:0,0,0,s:0,0,0,s:0,sT:3,0,s:0,0,0,s:0,0,0,s:0
Training,Motor,motor_0160.jpg,sT:1,0,s:0,0,0,s:0,0,0,s:0,sT:2,0,s:0,0,0,s:0,0,0,s:0,sT:3,0,s:0,0,0,s:0,0,0,s:0
Training,Motor,motor_0183.jpg,sT:1,0,s:0,0,0,s:0,0,0,s:0,sT:2,0,s:0,0,0,s:0,0,0,s:0,sT:3,0,s:0,0,0,s:0,0,0,s:0
Training,Face,image_0201.jpg,sT:1,0,s:0,0,0,s:0,0,0,s:0,sT:2,0,s:0,0,0,s:0,0,0,s:0,sT:3,0,s:0,0,0,s:0,0,0,s:0
Training,Motor,motor_0108.jpg,sT:1,0,s:0,0,0,s:0,0,0,s:0,sT:2,0,s:0,0,0,s:0,0,0,s:0,sT:3,0,s:0,0,0,s:0,0,0,s:0
Training,Motor,motor_0021.jpg,sT:1,0,s:0,0,0,s:0,0,0,s:0,sT:2,0,s:0,0,0,s:0,0,0,s:0,sT:3,0,s:0,0,0,s:0,0,0,s:0
Training,Motor,motor_0191.jpg,sT:1,0,s:0,0,0,s:0,0,0,s:0,sT:2,0,s:0,0,0,s:0,0,0,s:0,sT:3,0,s:0,0,0,s:0,0,0,s:0
Training,Motor,motor_0206.jpg,sT:1,0,s:0,0,0,s:0,0,0,s:0,sT:2,0,s:0,0,0,s:0,0,0,s:0,sT:3,0,s:0,0,0,s:0,0,0,s:0
Training,Motor,motor_0054.jpg,sT:1,0,s:0,0,0,s:0,0,0,s:0,sT:2,0,s:0,0,0,s:0,0,0,s:0,sT:3,0,s:0,0,0,s:0,0,0,s:0
Training,Motor,motor_0144.jpg,sT:1,0,s:0,0,0,s:0,0,0,s:0,sT:2,0,s:0,0,0,s:0,0,0,s:0,sT:3,0,s:0,0,0,s:0,0,0,s:0
Training,Motor,motor_0142.jpg,sT:1,0,s:0,0,0,s:0,0,0,s:0,sT:2,0,s:0,0,0,s:0,0,0,s:0,sT:3,0,s:0,0,0,s:0,0,0,s:0
Training,Motor,motor_0217.jpg,sT:1,0,s:0,0,0,s:0,0,0,s:0,sT:2,0,s:0,0,0,s:0,0,0,s:0,sT:3,0,s:0,0,0,s:0,0,0,s:0
Training,Motor,motor_0038.jpg,sT:1,0,s:0,0,0,s:0,0,0,s:0,sT:2,0,s:0,0,0,s:0,0,0,s:0,sT:3,0,s:0,0,0,s:0,0,0,s:0
Training,Motor,motor_0188.jpg,sT:1,0,s:0,0,0,s:0,0,0,s:0,sT:2,0,s:0,0,0,s:0,0,0,s:0,sT:3,0,s:0,0,0,s:0,0,0,s:0
0,1,5,11,7,13,5,1,2,55,-1,1,111,1368,5714,8481,4924,1394,237,31,859,-1,1,112,1373,5725,8488,4937,1399,238,33,914
Testing,Face,image_0175.jpg,sT:1,0,s:0,0,0,s:0,0,0,s:0,sT:2,0,s:0,0,0,s:0,0,0,s:0,sT:3,0,s:0,0,0,s:0,0,0,s:0
Testing,Face,image_0389.jpg,sT:1,0,s:0,0,0,s:0,0,0,s:0,sT:2,0,s:0,0,0,s:0,0,0,s:0,sT:3,0,s:0,0,0,s:0,0,0,s:0
Testing,Motor,motor_0395.jpg,sT:1,0,s:0,0,0,s:0,0,0,s:0,sT:2,0,s:0,0,0,s:0,0,0,s:0,sT:3,0,s:0,0,0,s:0,0,0,s:0
Testing,Face,image_0369.jpg,sT:1,0,s:0,0,0,s:0,0,0,s:0,sT:2,0,s:0,0,0,s:0,0,0,s:0,sT:3,0,s:0,0,0,s:0,0,0,s:0
Testing,Motor,motor_0378.jpg,sT:1,0,s:0,0,0,s:0,0,0,s:0,sT:2,0,s:0,0,0,s:0,0,0,s:0,sT:3,0,s:0,0,0,s:0,0,0,s:0
Testing,Face,image_0433.jpg,sT:1,0,s:0,0,0,s:0,0,0,s:0,sT:2,0,s:0,0,0,s:0,0,0,s:0,sT:3,0,s:0,0,0,s:0,0,0,s:0
Testing,Motor,motor_0411.jpg,sT:1,0,s:0,0,0,s:0,0,0,s:0,sT:2,0,s:0,0,0,s:0,0,0,s:0,sT:3,0,s:0,0,0,s:0,0,0,s:0
Testing,Motor,motor_0304.jpg,sT:1,0,s:0,0,0,s:0,0,0,s:0,sT:2,0,s:0,0,0,s:0,0,0,s:0,sT:3,0,s:0,0,0,s:0,0,0,s:0
Testing,Motor,motor_0245.jpg,sT:1,0,s:0,0,0,s:0,0,0,s:0,sT:2,0,s:0,0,0,s:0,0,0,s:0,sT:3,0,s:0,0,0,s:0,0,0,s:0
Testing,Motor,motor_0412.jpg,sT:1,0,s:0,0,0,s:0,0,0,s:0,sT:2,0,s:0,0,0,s:0,0,0,s:0,sT:3,0,s:0,0,0,s:0,0,0,s:0
Testing,Face,image_0367.jpg,sT:1,0,s:0,0,0,s:0,0,0,s:0,sT:2,0,s:0,0,0,s:0,0,0,s:0,sT:3,0,s:0,0,0,s:0,0,0,s:0
Testing,Motor,motor_0429.jpg,sT:1,0,s:0,0,0,s:0,0,0,s:0,sT:2,0,s:0,0,0,s:0,0,0,s:0,sT:3,0,s:0,0,0,s:0,0,0,s:0
Testing,Face,image_0237.jpg,sT:1,0,s:0,0,0,s:0,0,0,s:0,sT:2,0,s:0,0,0,s:0,0,0,s:0,sT:3,0,s:0,0,0,s:0,0,0,s:0
Testing,Motor,motor_0333.jpg,sT:1,0,s:0,0,0,s:0,0,0,s:0,sT:2,0,s:0,0,0,s:0,0,0,s:0,sT:3,0,s:0,0,0,s:0,0,0,s:0
Testing,Face,image_0294.jpg,sT:1,0,s:0,0,0,s:0,0,0,s:0,sT:2,0,s:0,0,0,s:0,0,0,s:0,sT:3,0,s:0,0,0,s:0,0,0,s:0
Testing,Face,image_0063.jpg,sT:1,0,s:0,0,0,s:0,0,0,s:0,sT:2,0,s:0,0,0,s:0,0,0,s:0,sT:3,0,s:0,0,0,s:0,0,0,s:0
Testing,Motor,motor_0401.jpg,sT:1,0,s:0,0,0,s:0,0,0,s:0,sT:2,0,s:0,0,0,s:0,0,0,s:0,sT:3,0,s:0,0,0,s:0,0,0,s:0
Testing,Motor,motor_0243.jpg,sT:1,0,s:0,0,0,s:0,0,0,s:0,sT:2,0,s:0,0,0,s:0,0,0,s:0,sT:3,0,s:0,0,0,s:0,0,0,s:0
Testing,Face,image_0415.jpg,sT:1,0,s:0,0,0,s:0,0,0,s:0,sT:2,0,s:0,0,0,s:0,0,0,s:0,sT:3,0,s:0,0,0,s:0,0,0,s:0
Testing,Face,image_0349.jpg,sT:1,0,s:0,0,0,s:0,0,0,s:0,sT:2,0,s:0,0,0,s:0,0,0,s:0,sT:3,0,s:0,0,0,s:0,0,0,s:0
Testing,Motor,motor_0362.jpg,sT:1,0,s:0,0,0,s:0,0,0,s:0,sT:2,0,s:0,0,0,s:0,0,0,s:0,sT:3,0,s:0,0,0,s:0,0,0,s:0
Testing,Face,image_0026.jpg,sT:1,0,s:0,0,0,s:0,0,0,s:0,sT:2,0,s:0,0,0,s:0,0,0,s:0,sT:3,0,s:0,0,0,s:0,0,0,s:0
Testing,Face,image_0134.jpg,sT:1,0,s:0,0,0,s:0,0,0,s:0,sT:2,0,s:0,0,0,s:0,0,0,s:0,sT:3,0,s:0,0,0,s:0,0,0,s:0
Testing,Face,image_0167.jpg,sT:1,0,s:0,0,0,s:0,0,0,s:0,sT:2,0,s:0,0,0,s:0,0,0,s:0,sT:3,0,s:0,0,0,s:0,0,0,s:0
Testing,Motor,motor_0373.jpg,sT:1,0,s:0,0,0,s:0,0,0,s:0,sT:2,0,s:0,0,0,s:0,0,0,s:0,sT:3,0,s:0,0,0,s:0,0,0,s:0
Testing,Face,image_0365.jpg,sT:1,0,s:0,0,0,s:0,0,0,s:0,sT:2,0,s:0,0,0,s:0,0,0,s:0,sT:3,0,s:0,0,0,s:0,0,0,s:0
Testing,Motor,motor_0419.jpg,sT:1,0,s:0,0,0,s:0,0,0,s:0,sT:2,0,s:0,0,0,s:0,0,0,s:0,sT:3,0,s:0,0,0,s:0,0,0,s:0
Testing,Motor,motor_0418.jpg,sT:1,0,s:0,0,0,s:0,0,0,s:0,sT:2,0,s:0,0,0,s:0,0,0,s:0,sT:3,0,s:0,0,0,s:0,0,0,s:0
Testing,Motor,motor_0269.jpg,sT:1,0,s:0,0,0,s:0,0,0,s:0,sT:2,0,s:0,0,0,s:0,0,0,s:0,sT:3,0,s:0,0,0,s:0,0,0,s:0
Testing,Face,image_0008.jpg,sT:1,0,s:0,0,0,s:0,0,0,s:0,sT:2,0,s:0,0,0,s:0,0,0,s:0,sT:3,0,s:0,0,0,s:0,0,0,s:0
Testing,Motor,motor_0334.jpg,sT:1,0,s:0,0,0,s:0,0,0,s:0,sT:2,0,s:0,0,0,s:0,0,0,s:0,sT:3,0,s:0,0,0,s:0,0,0,s:0
Testing,Face,image_0145.jpg,sT:1,0,s:0,0,0,s:0,0,0,s:0,sT:2,0,s:0,0,0,s:0,0,0,s:0,sT:3,0,s:0,0,0,s:0,0,0,s:0
Testing,Motor,motor_0336.jpg,sT:1,0,s:0,0,0,s:0,0,0,s:0,sT:2,0,s:0,0,0,s:0,0,0,s:0,sT:3,0,s:0,0,0,s:0,0,0,s:0
Testing,Motor,motor_0422.jpg,sT:1,0,s:0,0,0,s:0,0,0,s:0,sT:2,0,s:0,0,0,s:0,0,0,s:0,sT:3,0,s:0,0,0,s:0,0,0,s:0
Testing,Motor,motor_0311.jpg,sT:1,0,s:0,0,0,s:0,0,0,s:0,sT:2,0,s:0,0,0,s:0,0,0,s:0,sT:3,0,s:0,0,0,s:0,0,0,s:0
Testing,Face,image_0299.jpg,sT:1,0,s:0,0,0,s:0,0,0,s:0,sT:2,0,s:0,0,0,s:0,0,0,s:0,sT:3,0,s:0,0,0,s:0,0,0,s:0
Testing,Face,image_0164.jpg,sT:1,0,s:0,0,0,s:0,0,0,s:0,sT:2,0,s:0,0,0,s:0,0,0,s:0,sT:3,0,s:0,0,0,s:0,0,0,s:0
Testing,Motor,motor_0394.jpg,sT:1,0,s:0,0,0,s:0,0,0,s:0,sT:2,0,s:0,0,0,s:0,0,0,s:0,sT:3,0,s:0,0,0,s:0,0,0,s:0
Testing,Motor,motor_0283.jpg,sT:1,0,s:0,0,0,s:0,0,0,s:0,sT:2,0,s:0,0,0,s:0,0,0,s:0,sT:3,0,s:0,0,0,s:0,0,0,s:0
Testing,Motor,motor_0396.jpg,sT:1,0,s:0,0,0,s:0,0,0,s:0,sT:2,0,s:0,0,0,s:0,0,0,s:0,sT:3,0,s:0,0,0,s:0,0,0,s:0
Testing,Motor,motor_0424.jpg,sT:1,0,s:0,0,0,s:0,0,0,s:0,sT:2,0,s:0,0,0,s:0,0,0,s:0,sT:3,0,s:0,0,0,s:0,0,0,s:0
Testing,Motor,motor_0249.jpg,sT:1,0,s:0,0,0,s:0,0,0,s:0,sT:2,0,s:0,0,0,s:0,0,0,s:0,sT:3,0,s:0,0,0,s:0,0,0,s:0
Testing,Motor,motor_0337.jpg,sT:1,0,s:0,0,0,s:0,0,0,s:0,sT:2,0,s:0,0,0,s:0,0,0,s:0,sT:3,0,s:0,0,0,s:0,0,0,s:0
Testing,Motor,motor_0331.jpg,sT:1,0,s:0,0,0,s:0,0,0,s:0,sT:2,0,s:0,0,0,s:0,0,0,s:0,sT:3,0,s:0,0,0,s:0,0,0,s:0
Testing,Face,image_0343.jpg,sT:1,0,s:0,0,0,s:0,0,0,s:0,sT:2,0,s:0,0,0,s:0,0,0,s:0,sT:3,0,s:0,0,0,s:0,0,0,s:0
Testing,Face,image_0004.jpg,sT:1,0,s:0,0,0,s:0,0,0,s:0,sT:2,0,s:0,0,0,s:0,0,0,s:0,sT:3,0,s:0,0,0,s:0,0,0,s:0
Testing,Motor,motor_0309.jpg,sT:1,0,s:0,0,0,s:0,0,0,s:0,sT:2,0,s:0,0,0,s:0,0,0,s:0,sT:3,0,s:0,0,0,s:0,0,0,s:0
Testing,Motor,motor_0356.jpg,sT:1,0,s:0,0,0,s:0,0,0,s:0,sT:2,0,s:0,0,0,s:0,0,0,s:0,sT:3,0,s:0,0,0,s:0,0,0,s:0
Testing,Face,image_0329.jpg,sT:1,0,s:0,0,0,s:0,0,0,s:0,sT:2,0,s:0,0,0,s:0,0,0,s:0,sT:3,0,s:0,0,0,s:0,0,0,s:0
Testing,Motor,motor_0289.jpg,sT:1,0,s:0,0,0,s:0,0,0,s:0,sT:2,0,s:0,0,0,s:0,0,0,s:0,sT:3,0,s:0,0,0,s:0,0,0,s:0
Testing,Motor,motor_0310.jpg,sT:1,0,s:0,0,0,s:0,0,0,s:0,sT:2,0,s:0,0,0,s:0,0,0,s:0,sT:3,0,s:0,0,0,s:0,0,0,s:0
Testing,Motor,motor_0327.jpg,sT:1,0,s:0,0,0,s:0,0,0,s:0,sT:2,0,s:0,0,0,s:0,0,0,s:0,sT:3,0,s:0,0,0,s:0,0,0,s:0
Testing,Motor,motor_0402.jpg,sT:1,0,s:0,0,0,s:0,0,0,s:0,sT:2,0,s:0,0,0,s:0,0,0,s:0,sT:3,0,s:0,0,0,s:0,0,0,s:0
Testing,Face,image_0327.jpg,sT:1,0,s:0,0,0,s:0,0,0,s:0,sT:2,0,s:0,0,0,s:0,0,0,s:0,sT:3,0,s:0,0,0,s:0,0,0,s:0
Testing,Motor,motor_0340.jpg,sT:1,0,s:0,0,0,s:0,0,0,s:0,sT:2,0,s:0,0,0,s:0,0,0,s:0,sT:3,0,s:0,0,0,s:0,0,0,s:0
Testing,Face,image_0336.jpg,sT:1,0,s:0,0,0,s:0,0,0,s:0,sT:2,0,s:0,0,0,s:0,0,0,s:0,sT:3,0,s:0,0,0,s:0,0,0,s:0
Testing,Motor,motor_0251.jpg,sT:1,0,s:0,0,0,s:0,0,0,s:0,sT:2,0,s:0,0,0,s:0,0,0,s:0,sT:3,0,s:0,0,0,s:0,0,0,s:0
Testing,Motor,motor_0302.jpg,sT:1,0,s:0,0,0,s:0,0,0,s:0,sT:2,0,s:0,0,0,s:0,0,0,s:0,sT:3,0,s:0,0,0,s:0,0,0,s:0
Testing,Face,image_0076.jpg,sT:1,0,s:0,0,0,s:0,0,0,s:0,sT:2,0,s:0,0,0,s:0,0,0,s:0,sT:3,0,s:0,0,0,s:0,0,0,s:0
Testing,Face,image_0272.jpg,sT:1,0,s:0,0,0,s:0,0,0,s:0,sT:2,0,s:0,0,0,s:0,0,0,s:0,sT:3,0,s:0,0,0,s:0,0,0,s:0
Testing,Face,image_0318.jpg,sT:1,0,s:0,0,0,s:0,0,0,s:0,sT:2,0,s:0,0,0,s:0,0,0,s:0,sT:3,0,s:0,0,0,s:0,0,0,s:0
Testing,Face,image_0382.jpg,sT:1,0,s:0,0,0,s:0,0,0,s:0,sT:2,0,s:0,0,0,s:0,0,0,s:0,sT:3,0,s:0,0,0,s:0,0,0,s:0
Testing,Face,image_0083.jpg,sT:1,0,s:0,0,0,s:0,0,0,s:0,sT:2,0,s:0,0,0,s:0,0,0,s:0,sT:3,0,s:0,0,0,s:0,0,0,s:0
Testing,Face,image_0266.jpg,sT:1,0,s:0,0,0,s:0,0,0,s:0,sT:2,0,s:0,0,0,s:0,0,0,s:0,sT:3,0,s:0,0,0,s:0,0,0,s:0
Testing,Face,image_0109.jpg,sT:1,0,s:0,0,0,s:0,0,0,s:0,sT:2,0,s:0,0,0,s:0,0,0,s:0,sT:3,0,s:0,0,0,s:0,0,0,s:0
Testing,Face,image_0138.jpg,sT:1,0,s:0,0,0,s:0,0,0,s:0,sT:2,0,s:0,0,0,s:0,0,0,s:0,sT:3,0,s:0,0,0,s:0,0,0,s:0
Testing,Motor,motor_0382.jpg,sT:1,0,s:0,0,0,s:0,0,0,s:0,sT:2,0,s:0,0,0,s:0,0,0,s:0,sT:3,0,s:0,0,0,s:0,0,0,s:0
Testing,Motor,motor_0353.jpg,sT:1,0,s:0,0,0,s:0,0,0,s:0,sT:2,0,s:0,0,0,s:0,0,0,s:0,sT:3,0,s:0,0,0,s:0,0,0,s:0
Testing,Face,image_0059.jpg,sT:1,0,s:0,0,0,s:0,0,0,s:0,sT:2,0,s:0,0,0,s:0,0,0,s:0,sT:3,0,s:0,0,0,s:0,0,0,s:0
Testing,Face,image_0118.jpg,sT:1,0,s:0,0,0,s:0,0,0,s:0,sT:2,0,s:0,0,0,s:0,0,0,s:0,sT:3,0,s:0,0,0,s:0,0,0,s:0
Testing,Face,image_0098.jpg,sT:1,0,s:0,0,0,s:0,0,0,s:0,sT:2,0,s:0,0,0,s:0,0,0,s:0,sT:3,0,s:0,0,0,s:0,0,0,s:0
Testing,Motor,motor_0406.jpg,sT:1,0,s:0,0,0,s:0,0,0,s:0,sT:2,0,s:0,0,0,s:0,0,0,s:0,sT:3,0,s:0,0,0,s:0,0,0,s:0
Testing,Face,image_0411.jpg,sT:1,0,s:0,0,0,s:0,0,0,s:0,sT:2,0,s:0,0,0,s:0,0,0,s:0,sT:3,0,s:0,0,0,s:0,0,0,s:0
Testing,Motor,motor_0259.jpg,sT:1,0,s:0,0,0,s:0,0,0,s:0,sT:2,0,s:0,0,0,s:0,0,0,s:0,sT:3,0,s:0,0,0,s:0,0,0,s:0
Testing,Motor,motor_0263.jpg,sT:1,0,s:0,0,0,s:0,0,0,s:0,sT:2,0,s:0,0,0,s:0,0,0,s:0,sT:3,0,s:0,0,0,s:0,0,0,s:0
Testing,Face,image_0061.jpg,sT:1,0,s:0,0,0,s:0,0,0,s:0,sT:2,0,s:0,0,0,s:0,0,0,s:0,sT:3,0,s:0,0,0,s:0,0,0,s:0
Testing,Face,image_0393.jpg,sT:1,0,s:0,0,0,s:0,0,0,s:0,sT:2,0,s:0,0,0,s:0,0,0,s:0,sT:3,0,s:0,0,0,s:0,0,0,s:0
Testing,Motor,motor_0330.jpg,sT:1,0,s:0,0,0,s:0,0,0,s:0,sT:2,0,s:0,0,0,s:0,0,0,s:0,sT:3,0,s:0,0,0,s:0,0,0,s:0
Testing,Face,image_0230.jpg,sT:1,0,s:0,0,0,s:0,0,0,s:0,sT:2,0,s:0,0,0,s:0,0,0,s:0,sT:3,0,s:0,0,0,s:0,0,0,s:0
Testing,Face,image_0131.jpg,sT:1,0,s:0,0,0,s:0,0,0,s:0,sT:2,0,s:0,0,0,s:0,0,0,s:0,sT:3,0,s:0,0,0,s:0,0,0,s:0
Testing,Motor,motor_0252.jpg,sT:1,0,s:0,0,0,s:0,0,0,s:0,sT:2,0,s:0,0,0,s:0,0,0,s:0,sT:3,0,s:0,0,0,s:0,0,0,s:0
Testing,Motor,motor_0292.jpg,sT:1,0,s:0,0,0,s:0,0,0,s:0,sT:2,0,s:0,0,0,s:0,0,0,s:0,sT:3,0,s:0,0,0,s:0,0,0,s:0
Testing,Motor,motor_0408.jpg,sT:1,0,s:0,0,0,s:0,0,0,s:0,sT:2,0,s:0,0,0,s:0,0,0,s:0,sT:3,0,s:0,0,0,s:0,0,0,s:0
Testing,Face,image_0387.jpg,sT:1,0,s:0,0,0,s:0,0,0,s:0,sT:2,0,s:0,0,0,s:0,0,0,s:0,sT:3,0,s:0,0,0,s:0,0,0,s:0
Testing,Motor,motor_0261.jpg,sT:1,0,s:0,0,0,s:0,0,0,s:0,sT:2,0,s:0,0,0,s:0,0,0,s:0,sT:3,0,s:0,0,0,s:0,0,0,s:0
Testing,Face,image_0400.jpg,sT:1,0,s:0,0,0,s:0,0,0,s:0,sT:2,0,s:0,0,0,s:0,0,0,s:0,sT:3,0,s:0,0,0,s:0,0,0,s:0
Testing,Motor,motor_0266.jpg,sT:1,0,s:0,0,0,s:0,0,0,s:0,sT:2,0,s:0,0,0,s:0,0,0,s:0,sT:3,0,s:0,0,0,s:0,0,0,s:0
Testing,Motor,motor_0321.jpg,sT:1,0,s:0,0,0,s:0,0,0,s:0,sT:2,0,s:0,0,0,s:0,0,0,s:0,sT:3,0,s:0,0,0,s:0,0,0,s:0
Testing,Motor,motor_0349.jpg,sT:1,0,s:0,0,0,s:0,0,0,s:0,sT:2,0,s:0,0,0,s:0,0,0,s:0,sT:3,0,s:0,0,0,s:0,0,0,s:0
Testing,Motor,motor_0271.jpg,sT:1,0,s:0,0,0,s:0,0,0,s:0,sT:2,0,s:0,0,0,s:0,0,0,s:0,sT:3,0,s:0,0,0,s:0,0,0,s:0
Testing,Face,image_0431.jpg,sT:1,0,s:0,0,0,s:0,0,0,s:0,sT:2,0,s:0,0,0,s:0,0,0,s:0,sT:3,0,s:0,0,0,s:0,0,0,s:0
Testing,Face,image_0197.jpg,sT:1,0,s:0,0,0,s:0,0,0,s:0,sT:2,0,s:0,0,0,s:0,0,0,s:0,sT:3,0,s:0,0,0,s:0,0,0,s:0
Testing,Motor,motor_0417.jpg,sT:1,0,s:0,0,0,s:0,0,0,s:0,sT:2,0,s:0,0,0,s:0,0,0,s:0,sT:3,0,s:0,0,0,s:0,0,0,s:0
Testing,Face,image_0279.jpg,sT:1,0,s:0,0,0,s:0,0,0,s:0,sT:2,0,s:0,0,0,s:0,0,0,s:0,sT:3,0,s:0,0,0,s:0,0,0,s:0
Testing,Motor,motor_0371.jpg,sT:1,0,s:0,0,0,s:0,0,0,s:0,sT:2,0,s:0,0,0,s:0,0,0,s:0,sT:3,0,s:0,0,0,s:0,0,0,s:0
Testing,Face,image_0182.jpg,sT:1,0,s:0,0,0,s:0,0,0,s:0,sT:2,0,s:0,0,0,s:0,0,0,s:0,sT:3,0,s:0,0,0,s:0,0,0,s:0
Testing,Motor,motor_0427.jpg,sT:1,0,s:0,0,0,s:0,0,0,s:0,sT:2,0,s:0,0,0,s:0,0,0,s:0,sT:3,0,s:0,0,0,s:0,0,0,s:0
Testing,Motor,motor_0342.jpg,sT:1,0,s:0,0,0,s:0,0,0,s:0,sT:2,0,s:0,0,0,s:0,0,0,s:0,sT:3,0,s:0,0,0,s:0,0,0,s:0
Testing,Face,image_0376.jpg,sT:1,0,s:0,0,0,s:0,0,0,s:0,sT:2,0,s:0,0,0,s:0,0,0,s:0,sT:3,0,s:0,0,0,s:0,0,0,s:0
Testing,Face,image_0413.jpg,sT:1,0,s:0,0,0,s:0,0,0,s:0,sT:2,0,s:0,0,0,s:0,0,0,s:0,sT:3,0,s:0,0,0,s:0,0,0,s:0
Testing,Face,image_0277.jpg,sT:1,0,s:0,0,0,s:0,0,0,s:0,sT:2,0,s:0,0,0,s:0,0,0,s:0,sT:3,0,s:0,0,0,s:0,0,0,s:0
Testing,Motor,motor_0280.jpg,sT:1,0,s:0,0,0,s:0,0,0,s:0,sT:2,0,s:0,0,0,s:0,0,0,s:0,sT:3,0,s:0,0,0,s:0,0,0,s:0
Testing,Motor,motor_0433.jpg,sT:1,0,s:0,0,0,s:0,0,0,s:0,sT:2,0,s:0,0,0,s:0,0,0,s:0,sT:3,0,s:0,0,0,s:0,0,0,s:0
Testing,Face,image_0052.jpg,sT:1,0,s:0,0,0,s:0,0,0,s:0,sT:2,0,s:0,0,0,s:0,0,0,s:0,sT:3,0,s:0,0,0,s:0,0,0,s:0
Testing,Face,image_0107.jpg,sT:1,0,s:0,0,0,s:0,0,0,s:0,sT:2,0,s:0,0,0,s:0,0,0,s:0,sT:3,0,s:0,0,0,s:0,0,0,s:0
Testing,Motor,motor_0361.jpg,sT:1,0,s:0,0,0,s:0,0,0,s:0,sT:2,0,s:0,0,0,s:0,0,0,s:0,sT:3,0,s:0,0,0,s:0,0,0,s:0
Testing,Face,image_0125.jpg,sT:1,0,s:0,0,0,s:0,0,0,s:0,sT:2,0,s:0,0,0,s:0,0,0,s:0,sT:3,0,s:0,0,0,s:0,0,0,s:0
Testing,Face,image_0378.jpg,sT:1,0,s:0,0,0,s:0,0,0,s:0,sT:2,0,s:0,0,0,s:0,0,0,s:0,sT:3,0,s:0,0,0,s:0,0,0,s:0
Testing,Motor,motor_0241.jpg,sT:1,0,s:0,0,0,s:0,0,0,s:0,sT:2,0,s:0,0,0,s:0,0,0,s:0,sT:3,0,s:0,0,0,s:0,0,0,s:0
Testing,Motor,motor_0392.jpg,sT:1,0,s:0,0,0,s:0,0,0,s:0,sT:2,0,s:0,0,0,s:0,0,0,s:0,sT:3,0,s:0,0,0,s:0,0,0,s:0
Testing,Motor,motor_0279.jpg,sT:1,0,s:0,0,0,s:0,0,0,s:0,sT:2,0,s:0,0,0,s:0,0,0,s:0,sT:3,0,s:0,0,0,s:0,0,0,s:0
Testing,Face,image_0380.jpg,sT:1,0,s:0,0,0,s:0,0,0,s:0,sT:2,0,s:0,0,0,s:0,0,0,s:0,sT:3,0,s:0,0,0,s:0,0,0,s:0
Testing,Face,image_0171.jpg,sT:1,0,s:0,0,0,s:0,0,0,s:0,sT:2,0,s:0,0,0,s:0,0,0,s:0,sT:3,0,s:0,0,0,s:0,0,0,s:0
Testing,Motor,motor_0278.jpg,sT:1,0,s:0,0,0,s:0,0,0,s:0,sT:2,0,s:0,0,0,s:0,0,0,s:0,sT:3,0,s:0,0,0,s:0,0,0,s:0
Testing,Motor,motor_0265.jpg,sT:1,0,s:0,0,0,s:0,0,0,s:0,sT:2,0,s:0,0,0,s:0,0,0,s:0,sT:3,0,s:0,0,0,s:0,0,0,s:0
Testing,Motor,motor_0239.jpg,sT:1,0,s:0,0,0,s:0,0,0,s:0,sT:2,0,s:0,0,0,s:0,0,0,s:0,sT:3,0,s:0,0,0,s:0,0,0,s:0
Testing,Motor,motor_0248.jpg,sT:1,0,s:0,0,0,s:0,0,0,s:0,sT:2,0,s:0,0,0,s:0,0,0,s:0,sT:3,0,s:0,0,0,s:0,0,0,s:0
Testing,Face,image_0072.jpg,sT:1,0,s:0,0,0,s:0,0,0,s:0,sT:2,0,s:0,0,0,s:0,0,0,s:0,sT:3,0,s:0,0,0,s:0,0,0,s:0
Testing,Motor,motor_0346.jpg,sT:1,0,s:0,0,0,s:0,0,0,s:0,sT:2,0,s:0,0,0,s:0,0,0,s:0,sT:3,0,s:0,0,0,s:0,0,0,s:0
Testing,Motor,motor_0363.jpg,sT:1,0,s:0,0,0,s:0,0,0,s:0,sT:2,0,s:0,0,0,s:0,0,0,s:0,sT:3,0,s:0,0,0,s:0,0,0,s:0
Testing,Motor,motor_0389.jpg,sT:1,0,s:0,0,0,s:0,0,0,s:0,sT:2,0,s:0,0,0,s:0,0,0,s:0,sT:3,0,s:0,0,0,s:0,0,0,s:0
Testing,Motor,motor_0313.jpg,sT:1,0,s:0,0,0,s:0,0,0,s:0,sT:2,0,s:0,0,0,s:0,0,0,s:0,sT:3,0,s:0,0,0,s:0,0,0,s:0
Testing,Face,image_0395.jpg,sT:1,0,s:0,0,0,s:0,0,0,s:0,sT:2,0,s:0,0,0,s:0,0,0,s:0,sT:3,0,s:0,0,0,s:0,0,0,s:0
Testing,Motor,motor_0379.jpg,sT:1,0,s:0,0,0,s:0,0,0,s:0,sT:2,0,s:0,0,0,s:0,0,0,s:0,sT:3,0,s:0,0,0,s:0,0,0,s:0
Testing,Motor,motor_0258.jpg,sT:1,0,s:0,0,0,s:0,0,0,s:0,sT:2,0,s:0,0,0,s:0,0,0,s:0,sT:3,0,s:0,0,0,s:0,0,0,s:0
Testing,Motor,motor_0359.jpg,sT:1,0,s:0,0,0,s:0,0,0,s:0,sT:2,0,s:0,0,0,s:0,0,0,s:0,sT:3,0,s:0,0,0,s:0,0,0,s:0
Testing,Face,image_0037.jpg,sT:1,0,s:0,0,0,s:0,0,0,s:0,sT:2,0,s:0,0,0,s:0,0,0,s:0,sT:3,0,s:0,0,0,s:0,0,0,s:0
Testing,Motor,motor_0338.jpg,sT:1,0,s:0,0,0,s:0,0,0,s:0,sT:2,0,s:0,0,0,s:0,0,0,s:0,sT:3,0,s:0,0,0,s:0,0,0,s:0
Testing,Motor,motor_0377.jpg,sT:1,0,s:0,0,0,s:0,0,0,s:0,sT:2,0,s:0,0,0,s:0,0,0,s:0,sT:3,0,s:0,0,0,s:0,0,0,s:0
Testing,Face,image_0087.jpg,sT:1,0,s:0,0,0,s:0,0,0,s:0,sT:2,0,s:0,0,0,s:0,0,0,s:0,sT:3,0,s:0,0,0,s:0,0,0,s:0
Testing,Face,image_0235.jpg,sT:1,0,s:0,0,0,s:0,0,0,s:0,sT:2,0,s:0,0,0,s:0,0,0,s:0,sT:3,0,s:0,0,0,s:0,0,0,s:0
Testing,Face,image_0046.jpg,sT:1,0,s:0,0,0,s:0,0,0,s:0,sT:2,0,s:0,0,0,s:0,0,0,s:0,sT:3,0,s:0,0,0,s:0,0,0,s:0
Testing,Face,image_0158.jpg,sT:1,0,s:0,0,0,s:0,0,0,s:0,sT:2,0,s:0,0,0,s:0,0,0,s:0,sT:3,0,s:0,0,0,s:0,0,0,s:0
Testing,Motor,motor_0369.jpg,sT:1,0,s:0,0,0,s:0,0,0,s:0,sT:2,0,s:0,0,0,s:0,0,0,s:0,sT:3,0,s:0,0,0,s:0,0,0,s:0
Testing,Motor,motor_0385.jpg,sT:1,0,s:0,0,0,s:0,0,0,s:0,sT:2,0,s:0,0,0,s:0,0,0,s:0,sT:3,0,s:0,0,0,s:0,0,0,s:0
Testing,Motor,motor_0403.jpg,sT:1,0,s:0,0,0,s:0,0,0,s:0,sT:2,0,s:0,0,0,s:0,0,0,s:0,sT:3,0,s:0,0,0,s:0,0,0,s:0
Testing,Face,image_0002.jpg,sT:1,0,s:0,0,0,s:0,0,0,s:0,sT:2,0,s:0,0,0,s:0,0,0,s:0,sT:3,0,s:0,0,0,s:0,0,0,s:0
Testing,Motor,motor_0276.jpg,sT:1,0,s:0,0,0,s:0,0,0,s:0,sT:2,0,s:0,0,0,s:0,0,0,s:0,sT:3,0,s:0,0,0,s:0,0,0,s:0
Testing,Face,image_0006.jpg,sT:1,0,s:0,0,0,s:0,0,0,s:0,sT:2,0,s:0,0,0,s:0,0,0,s:0,sT:3,0,s:0,0,0,s:0,0,0,s:0
Testing,Face,image_0325.jpg,sT:1,0,s:0,0,0,s:0,0,0,s:0,sT:2,0,s:0,0,0,s:0,0,0,s:0,sT:3,0,s:0,0,0,s:0,0,0,s:0
Testing,Motor,motor_0351.jpg,sT:1,0,s:0,0,0,s:0,0,0,s:0,sT:2,0,s:0,0,0,s:0,0,0,s:0,sT:3,0,s:0,0,0,s:0,0,0,s:0
Testing,Face,image_0257.jpg,sT:1,0,s:0,0,0,s:0,0,0,s:0,sT:2,0,s:0,0,0,s:0,0,0,s:0,sT:3,0,s:0,0,0,s:0,0,0,s:0
Testing,Motor,motor_0405.jpg,sT:1,0,s:0,0,0,s:0,0,0,s:0,sT:2,0,s:0,0,0,s:0,0,0,s:0,sT:3,0,s:0,0,0,s:0,0,0,s:0
Testing,Motor,motor_0360.jpg,sT:1,0,s:0,0,0,s:0,0,0,s:0,sT:2,0,s:0,0,0,s:0,0,0,s:0,sT:3,0,s:0,0,0,s:0,0,0,s:0
Testing,Face,image_0283.jpg,sT:1,0,s:0,0,0,s:0,0,0,s:0,sT:2,0,s:0,0,0,s:0,0,0,s:0,sT:3,0,s:0,0,0,s:0,0,0,s:0
Testing,Motor,motor_0428.jpg,sT:1,0,s:0,0,0,s:0,0,0,s:0,sT:2,0,s:0,0,0,s:0,0,0,s:0,sT:3,0,s:0,0,0,s:0,0,0,s:0
Testing,Motor,motor_0328.jpg,sT:1,0,s:0,0,0,s:0,0,0,s:0,sT:2,0,s:0,0,0,s:0,0,0,s:0,sT:3,0,s:0,0,0,s:0,0,0,s:0
Testing,Face,image_0217.jpg,sT:1,0,s:0,0,0,s:0,0,0,s:0,sT:2,0,s:0,0,0,s:0,0,0,s:0,sT:3,0,s:0,0,0,s:0,0,0,s:0
Testing,Motor,motor_0426.jpg,sT:1,0,s:0,0,0,s:0,0,0,s:0,sT:2,0,s:0,0,0,s:0,0,0,s:0,sT:3,0,s:0,0,0,s:0,0,0,s:0
Testing,Face,image_0244.jpg,sT:1,0,s:0,0,0,s:0,0,0,s:0,sT:2,0,s:0,0,0,s:0,0,0,s:0,sT:3,0,s:0,0,0,s:0,0,0,s:0
Testing,Motor,motor_0238.jpg,sT:1,0,s:0,0,0,s:0,0,0,s:0,sT:2,0,s:0,0,0,s:0,0,0,s:0,sT:3,0,s:0,0,0,s:0,0,0,s:0
Testing,Face,image_0057.jpg,sT:1,0,s:0,0,0,s:0,0,0,s:0,sT:2,0,s:0,0,0,s:0,0,0,s:0,sT:3,0,s:0,0,0,s:0,0,0,s:0
Testing,Face,image_0406.jpg,sT:1,0,s:0,0,0,s:0,0,0,s:0,sT:2,0,s:0,0,0,s:0,0,0,s:0,sT:3,0,s:0,0,0,s:0,0,0,s:0
Testing,Face,image_0195.jpg,sT:1,0,s:0,0,0,s:0,0,0,s:0,sT:2,0,s:0,0,0,s:0,0,0,s:0,sT:3,0,s:0,0,0,s:0,0,0,s:0
Testing,Face,image_0316.jpg,sT:1,0,s:0,0,0,s:0,0,0,s:0,sT:2,0,s:0,0,0,s:0,0,0,s:0,sT:3,0,s:0,0,0,s:0,0,0,s:0
Testing,Face,image_0248.jpg,sT:1,0,s:0,0,0,s:0,0,0,s:0,sT:2,0,s:0,0,0,s:0,0,0,s:0,sT:3,0,s:0,0,0,s:0,0,0,s:0
Testing,Motor,motor_0288.jpg,sT:1,0,s:0,0,0,s:0,0,0,s:0,sT:2,0,s:0,0,0,s:0,0,0,s:0,sT:3,0,s:0,0,0,s:0,0,0,s:0
Testing,Face,image_0178.jpg,sT:1,0,s:0,0,0,s:0,0,0,s:0,sT:2,0,s:0,0,0,s:0,0,0,s:0,sT:3,0,s:0,0,0,s:0,0,0,s:0
Testing,Face,image_0292.jpg,sT:1,0,s:0,0,0,s:0,0,0,s:0,sT:2,0,s:0,0,0,s:0,0,0,s:0,sT:3,0,s:0,0,0,s:0,0,0,s:0
Testing,Motor,motor_0381.jpg,sT:1,0,s:0,0,0,s:0,0,0,s:0,sT:2,0,s:0,0,0,s:0,0,0,s:0,sT:3,0,s:0,0,0,s:0,0,0,s:0
Testing,Motor,motor_0345.jpg,sT:1,0,s:0,0,0,s:0,0,0,s:0,sT:2,0,s:0,0,0,s:0,0,0,s:0,sT:3,0,s:0,0,0,s:0,0,0,s:0
Testing,Face,image_0019.jpg,sT:1,0,s:0,0,0,s:0,0,0,s:0,sT:2,0,s:0,0,0,s:0,0,0,s:0,sT:3,0,s:0,0,0,s:0,0,0,s:0
Testing,Motor,motor_0409.jpg,sT:1,0,s:0,0,0,s:0,0,0,s:0,sT:2,0,s:0,0,0,s:0,0,0,s:0,sT:3,0,s:0,0,0,s:0,0,0,s:0
Testing,Face,image_0435.jpg,sT:1,0,s:0,0,0,s:0,0,0,s:0,sT:2,0,s:0,0,0,s:0,0,0,s:0,sT:3,0,s:0,0,0,s:0,0,0,s:0
Testing,Motor,motor_0256.jpg,sT:1,0,s:0,0,0,s:0,0,0,s:0,sT:2,0,s:0,0,0,s:0,0,0,s:0,sT:3,0,s:0,0,0,s:0,0,0,s:0
Testing,Face,image_0296.jpg,sT:1,0,s:0,0,0,s:0,0,0,s:0,sT:2,0,s:0,0,0,s:0,0,0,s:0,sT:3,0,s:0,0,0,s:0,0,0,s:0
Testing,Face,image_0189.jpg,sT:1,0,s:0,0,0,s:0,0,0,s:0,sT:2,0,s:0,0,0,s:0,0,0,s:0,sT:3,0,s:0,0,0,s:0,0,0,s:0
Testing,Face,image_0017.jpg,sT:1,0,s:0,0,0,s:0,0,0,s:0,sT:2,0,s:0,0,0,s:0,0,0,s:0,sT:3,0,s:0,0,0,s:0,0,0,s:0
Testing,Face,image_0156.jpg,sT:1,0,s:0,0,0,s:0,0,0,s:0,sT:2,0,s:0,0,0,s:0,0,0,s:0,sT:3,0,s:0,0,0,s:0,0,0,s:0
Testing,Motor,motor_0400.jpg,sT:1,0,s:0,0,0,s:0,0,0,s:0,sT:2,0,s:0,0,0,s:0,0,0,s:0,sT:3,0,s:0,0,0,s:0,0,0,s:0
Testing,Face,image_0065.jpg,sT:1,0,s:0,0,0,s:0,0,0,s:0,sT:2,0,s:0,0,0,s:0,0,0,s:0,sT:3,0,s:0,0,0,s:0,0,0,s:0
Testing,Face,image_0274.jpg,sT:1,0,s:0,0,0,s:0,0,0,s:0,sT:2,0,s:0,0,0,s:0,0,0,s:0,sT:3,0,s:0,0,0,s:0,0,0,s:0
Testing,Motor,motor_0399.jpg,sT:1,0,s:0,0,0,s:0,0,0,s:0,sT:2,0,s:0,0,0,s:0,0,0,s:0,sT:3,0,s:0,0,0,s:0,0,0,s:0
Testing,Face,image_0114.jpg,sT:1,0,s:0,0,0,s:0,0,0,s:0,sT:2,0,s:0,0,0,s:0,0,0,s:0,sT:3,0,s:0,0,0,s:0,0,0,s:0
Testing,Motor,motor_0326.jpg,sT:1,0,s:0,0,0,s:0,0,0,s:0,sT:2,0,s:0,0,0,s:0,0,0,s:0,sT:3,0,s:0,0,0,s:0,0,0,s:0
Testing,Face,image_0239.jpg,sT:1,0,s:0,0,0,s:0,0,0,s:0,sT:2,0,s:0,0,0,s:0,0,0,s:0,sT:3,0,s:0,0,0,s:0,0,0,s:0
Testing,Face,image_0268.jpg,sT:1,0,s:0,0,0,s:0,0,0,s:0,sT:2,0,s:0,0,0,s:0,0,0,s:0,sT:3,0,s:0,0,0,s:0,0,0,s:0
Testing,Motor,motor_0404.jpg,sT:1,0,s:0,0,0,s:0,0,0,s:0,sT:2,0,s:0,0,0,s:0,0,0,s:0,sT:3,0,s:0,0,0,s:0,0,0,s:0
Testing,Motor,motor_0246.jpg,sT:1,0,s:0,0,0,s:0,0,0,s:0,sT:2,0,s:0,0,0,s:0,0,0,s:0,sT:3,0,s:0,0,0,s:0,0,0,s:0
Testing,Motor,motor_0270.jpg,sT:1,0,s:0,0,0,s:0,0,0,s:0,sT:2,0,s:0,0,0,s:0,0,0,s:0,sT:3,0,s:0,0,0,s:0,0,0,s:0
Testing,Motor,motor_0325.jpg,sT:1,0,s:0,0,0,s:0,0,0,s:0,sT:2,0,s:0,0,0,s:0,0,0,s:0,sT:3,0,s:0,0,0,s:0,0,0,s:0
Testing,Face,image_0314.jpg,sT:1,0,s:0,0,0,s:0,0,0,s:0,sT:2,0,s:0,0,0,s:0,0,0,s:0,sT:3,0,s:0,0,0,s:0,0,0,s:0
Testing,Motor,motor_0365.jpg,sT:1,0,s:0,0,0,s:0,0,0,s:0,sT:2,0,s:0,0,0,s:0,0,0,s:0,sT:3,0,s:0,0,0,s:0,0,0,s:0
Testing,Face,image_0228.jpg,sT:1,0,s:0,0,0,s:0,0,0,s:0,sT:2,0,s:0,0,0,s:0,0,0,s:0,sT:3,0,s:0,0,0,s:0,0,0,s:0
Testing,Face,image_0259.jpg,sT:1,0,s:0,0,0,s:0,0,0,s:0,sT:2,0,s:0,0,0,s:0,0,0,s:0,sT:3,0,s:0,0,0,s:0,0,0,s:0
Testing,Face,image_0129.jpg,sT:1,0,s:0,0,0,s:0,0,0,s:0,sT:2,0,s:0,0,0,s:0,0,0,s:0,sT:3,0,s:0,0,0,s:0,0,0,s:0
Testing,Face,image_0426.jpg,sT:1,0,s:0,0,0,s:0,0,0,s:0,sT:2,0,s:0,0,0,s:0,0,0,s:0,sT:3,0,s:0,0,0,s:0,0,0,s:0
Testing,Motor,motor_0414.jpg,sT:1,0,s:0,0,0,s:0,0,0,s:0,sT:2,0,s:0,0,0,s:0,0,0,s:0,sT:3,0,s:0,0,0,s:0,0,0,s:0
Testing,Motor,motor_0312.jpg,sT:1,0,s:0,0,0,s:0,0,0,s:0,sT:2,0,s:0,0,0,s:0,0,0,s:0,sT:3,0,s:0,0,0,s:0,0,0,s:0
Testing,Motor,motor_0281.jpg,sT:1,0,s:0,0,0,s:0,0,0,s:0,sT:2,0,s:0,0,0,s:0,0,0,s:0,sT:3,0,s:0,0,0,s:0,0,0,s:0
Testing,Motor,motor_0380.jpg,sT:1,0,s:0,0,0,s:0,0,0,s:0,sT:2,0,s:0,0,0,s:0,0,0,s:0,sT:3,0,s:0,0,0,s:0,0,0,s:0
Testing,Face,image_0290.jpg,sT:1,0,s:0,0,0,s:0,0,0,s:0,sT:2,0,s:0,0,0,s:0,0,0,s:0,sT:3,0,s:0,0,0,s:0,0,0,s:0
Testing,Face,image_0153.jpg,sT:1,0,s:0,0,0,s:0,0,0,s:0,sT:2,0,s:0,0,0,s:0,0,0,s:0,sT:3,0,s:0,0,0,s:0,0,0,s:0
Testing,Face,image_0070.jpg,sT:1,0,s:0,0,0,s:0,0,0,s:0,sT:2,0,s:0,0,0,s:0,0,0,s:0,sT:3,0,s:0,0,0,s:0,0,0,s:0
Testing,Face,image_0191.jpg,sT:1,0,s:0,0,0,s:0,0,0,s:0,sT:2,0,s:0,0,0,s:0,0,0,s:0,sT:3,0,s:0,0,0,s:0,0,0,s:0
Testing,Motor,motor_0255.jpg,sT:1,0,s:0,0,0,s:0,0,0,s:0,sT:2,0,s:0,0,0,s:0,0,0,s:0,sT:3,0,s:0,0,0,s:0,0,0,s:0
Testing,Face,image_0252.jpg,sT:1,0,s:0,0,0,s:0,0,0,s:0,sT:2,0,s:0,0,0,s:0,0,0,s:0,sT:3,0,s:0,0,0,s:0,0,0,s:0
Testing,Motor,motor_0315.jpg,sT:1,0,s:0,0,0,s:0,0,0,s:0,sT:2,0,s:0,0,0,s:0,0,0,s:0,sT:3,0,s:0,0,0,s:0,0,0,s:0
Testing,Face,image_0043.jpg,sT:1,0,s:0,0,0,s:0,0,0,s:0,sT:2,0,s:0,0,0,s:0,0,0,s:0,sT:3,0,s:0,0,0,s:0,0,0,s:0
Testing,Motor,motor_0393.jpg,sT:1,0,s:0,0,0,s:0,0,0,s:0,sT:2,0,s:0,0,0,s:0,0,0,s:0,sT:3,0,s:0,0,0,s:0,0,0,s:0
Testing,Face,image_0334.jpg,sT:1,0,s:0,0,0,s:0,0,0,s:0,sT:2,0,s:0,0,0,s:0,0,0,s:0,sT:3,0,s:0,0,0,s:0,0,0,s:0
Testing,Motor,motor_0368.jpg,sT:1,0,s:0,0,0,s:0,0,0,s:0,sT:2,0,s:0,0,0,s:0,0,0,s:0,sT:3,0,s:0,0,0,s:0,0,0,s:0
Testing,Face,image_0021.jpg,sT:1,0,s:0,0,0,s:0,0,0,s:0,sT:2,0,s:0,0,0,s:0,0,0,s:0,sT:3,0,s:0,0,0,s:0,0,0,s:0
Testing,Face,image_0208.jpg,sT:1,0,s:0,0,0,s:0,0,0,s:0,sT:2,0,s:0,0,0,s:0,0,0,s:0,sT:3,0,s:0,0,0,s:0,0,0,s:0
Testing,Motor,motor_0397.jpg,sT:1,0,s:0,0,0,s:0,0,0,s:0,sT:2,0,s:0,0,0,s:0,0,0,s:0,sT:3,0,s:0,0,0,s:0,0,0,s:0
Testing,Face,image_0015.jpg,sT:1,0,s:0,0,0,s:0,0,0,s:0,sT:2,0,s:0,0,0,s:0,0,0,s:0,sT:3,0,s:0,0,0,s:0,0,0,s:0
Testing,Motor,motor_0247.jpg,sT:1,0,s:0,0,0,s:0,0,0,s:0,sT:2,0,s:0,0,0,s:0,0,0,s:0,sT:3,0,s:0,0,0,s:0,0,0,s:0
Testing,Face,image_0054.jpg,sT:1,0,s:0,0,0,s:0,0,0,s:0,sT:2,0,s:0,0,0,s:0,0,0,s:0,sT:3,0,s:0,0,0,s:0,0,0,s:0
Testing,Face,image_0193.jpg,sT:1,0,s:0,0,0,s:0,0,0,s:0,sT:2,0,s:0,0,0,s:0,0,0,s:0,sT:3,0,s:0,0,0,s:0,0,0,s:0
Testing,Face,image_0151.jpg,sT:1,0,s:0,0,0,s:0,0,0,s:0,sT:2,0,s:0,0,0,s:0,0,0,s:0,sT:3,0,s:0,0,0,s:0,0,0,s:0
Testing,Face,image_0226.jpg,sT:1,0,s:0,0,0,s:0,0,0,s:0,sT:2,0,s:0,0,0,s:0,0,0,s:0,sT:3,0,s:0,0,0,s:0,0,0,s:0
Testing,Face,image_0310.jpg,sT:1,0,s:0,0,0,s:0,0,0,s:0,sT:2,0,s:0,0,0,s:0,0,0,s:0,sT:3,0,s:0,0,0,s:0,0,0,s:0
Testing,Motor,motor_0301.jpg,sT:1,0,s:0,0,0,s:0,0,0,s:0,sT:2,0,s:0,0,0,s:0,0,0,s:0,sT:3,0,s:0,0,0,s:0,0,0,s:0
Testing,Face,image_0213.jpg,sT:1,0,s:0,0,0,s:0,0,0,s:0,sT:2,0,s:0,0,0,s:0,0,0,s:0,sT:3,0,s:0,0,0,s:0,0,0,s:0
Testing,Face,image_0050.jpg,sT:1,0,s:0,0,0,s:0,0,0,s:0,sT:2,0,s:0,0,0,s:0,0,0,s:0,sT:3,0,s:0,0,0,s:0,0,0,s:0
Testing,Face,image_0147.jpg,sT:1,0,s:0,0,0,s:0,0,0,s:0,sT:2,0,s:0,0,0,s:0,0,0,s:0,sT:3,0,s:0,0,0,s:0,0,0,s:0
Testing,Face,image_0136.jpg,sT:1,0,s:0,0,0,s:0,0,0,s:0,sT:2,0,s:0,0,0,s:0,0,0,s:0,sT:3,0,s:0,0,0,s:0,0,0,s:0
Testing,Motor,motor_0287.jpg,sT:1,0,s:0,0,0,s:0,0,0,s:0,sT:2,0,s:0,0,0,s:0,0,0,s:0,sT:3,0,s:0,0,0,s:0,0,0,s:0
Testing,Motor,motor_0274.jpg,sT:1,0,s:0,0,0,s:0,0,0,s:0,sT:2,0,s:0,0,0,s:0,0,0,s:0,sT:3,0,s:0,0,0,s:0,0,0,s:0
Testing,Motor,motor_0413.jpg,sT:1,0,s:0,0,0,s:0,0,0,s:0,sT:2,0,s:0,0,0,s:0,0,0,s:0,sT:3,0,s:0,0,0,s:0,0,0,s:0
Testing,Face,image_0303.jpg,sT:1,0,s:0,0,0,s:0,0,0,s:0,sT:2,0,s:0,0,0,s:0,0,0,s:0,sT:3,0,s:0,0,0,s:0,0,0,s:0
Testing,Face,image_0305.jpg,sT:1,0,s:0,0,0,s:0,0,0,s:0,sT:2,0,s:0,0,0,s:0,0,0,s:0,sT:3,0,s:0,0,0,s:0,0,0,s:0
Testing,Motor,motor_0434.jpg,sT:1,0,s:0,0,0,s:0,0,0,s:0,sT:2,0,s:0,0,0,s:0,0,0,s:0,sT:3,0,s:0,0,0,s:0,0,0,s:0
Testing,Motor,motor_0285.jpg,sT:1,0,s:0,0,0,s:0,0,0,s:0,sT:2,0,s:0,0,0,s:0,0,0,s:0,sT:3,0,s:0,0,0,s:0,0,0,s:0
Testing,Motor,motor_0354.jpg,sT:1,0,s:0,0,0,s:0,0,0,s:0,sT:2,0,s:0,0,0,s:0,0,0,s:0,sT:3,0,s:0,0,0,s:0,0,0,s:0
Testing,Face,image_0338.jpg,sT:1,0,s:0,0,0,s:0,0,0,s:0,sT:2,0,s:0,0,0,s:0,0,0,s:0,sT:3,0,s:0,0,0,s:0,0,0,s:0
Testing,Face,image_0263.jpg,sT:1,0,s:0,0,0,s:0,0,0,s:0,sT:2,0,s:0,0,0,s:0,0,0,s:0,sT:3,0,s:0,0,0,s:0,0,0,s:0
Testing,Face,image_0285.jpg,sT:1,0,s:0,0,0,s:0,0,0,s:0,sT:2,0,s:0,0,0,s:0,0,0,s:0,sT:3,0,s:0,0,0,s:0,0,0,s:0
Testing,Face,image_0028.jpg,sT:1,0,s:0,0,0,s:0,0,0,s:0,sT:2,0,s:0,0,0,s:0,0,0,s:0,sT:3,0,s:0,0,0,s:0,0,0,s:0
Testing,Face,image_0215.jpg,sT:1,0,s:0,0,0,s:0,0,0,s:0,sT:2,0,s:0,0,0,s:0,0,0,s:0,sT:3,0,s:0,0,0,s:0,0,0,s:0
Testing,Motor,motor_0416.jpg,sT:1,0,s:0,0,0,s:0,0,0,s:0,sT:2,0,s:0,0,0,s:0,0,0,s:0,sT:3,0,s:0,0,0,s:0,0,0,s:0
Testing,Face,image_0420.jpg,sT:1,0,s:0,0,0,s:0,0,0,s:0,sT:2,0,s:0,0,0,s:0,0,0,s:0,sT:3,0,s:0,0,0,s:0,0,0,s:0
Testing,Motor,motor_0410.jpg,sT:1,0,s:0,0,0,s:0,0,0,s:0,sT:2,0,s:0,0,0,s:0,0,0,s:0,sT:3,0,s:0,0,0,s:0,0,0,s:0
Testing,Face,image_0169.jpg,sT:1,0,s:0,0,0,s:0,0,0,s:0,sT:2,0,s:0,0,0,s:0,0,0,s:0,sT:3,0,s:0,0,0,s:0,0,0,s:0
Testing,Motor,motor_0242.jpg,sT:1,0,s:0,0,0,s:0,0,0,s:0,sT:2,0,s:0,0,0,s:0,0,0,s:0,sT:3,0,s:0,0,0,s:0,0,0,s:0
Testing,Face,image_0116.jpg,sT:1,0,s:0,0,0,s:0,0,0,s:0,sT:2,0,s:0,0,0,s:0,0,0,s:0,sT:3,0,s:0,0,0,s:0,0,0,s:0
Testing,Motor,motor_0367.jpg,sT:1,0,s:0,0,0,s:0,0,0,s:0,sT:2,0,s:0,0,0,s:0,0,0,s:0,sT:3,0,s:0,0,0,s:0,0,0,s:0
Testing,Motor,motor_0320.jpg,sT:1,0,s:0,0,0,s:0,0,0,s:0,sT:2,0,s:0,0,0,s:0,0,0,s:0,sT:3,0,s:0,0,0,s:0,0,0,s:0
Testing,Face,image_0347.jpg,sT:1,0,s:0,0,0,s:0,0,0,s:0,sT:2,0,s:0,0,0,s:0,0,0,s:0,sT:3,0,s:0,0,0,s:0,0,0,s:0
Testing,Motor,motor_0415.jpg,sT:1,0,s:0,0,0,s:0,0,0,s:0,sT:2,0,s:0,0,0,s:0,0,0,s:0,sT:3,0,s:0,0,0,s:0,0,0,s:0
Testing,Motor,motor_0374.jpg,sT:1,0,s:0,0,0,s:0,0,0,s:0,sT:2,0,s:0,0,0,s:0,0,0,s:0,sT:3,0,s:0,0,0,s:0,0,0,s:0
Testing,Motor,motor_0294.jpg,sT:1,0,s:0,0,0,s:0,0,0,s:0,sT:2,0,s:0,0,0,s:0,0,0,s:0,sT:3,0,s:0,0,0,s:0,0,0,s:0
Testing,Face,image_0222.jpg,sT:1,0,s:0,0,0,s:0,0,0,s:0,sT:2,0,s:0,0,0,s:0,0,0,s:0,sT:3,0,s:0,0,0,s:0,0,0,s:0
Testing,Face,image_0162.jpg,sT:1,0,s:0,0,0,s:0,0,0,s:0,sT:2,0,s:0,0,0,s:0,0,0,s:0,sT:3,0,s:0,0,0,s:0,0,0,s:0
Testing,Face,image_0204.jpg,sT:1,0,s:0,0,0,s:0,0,0,s:0,sT:2,0,s:0,0,0,s:0,0,0,s:0,sT:3,0,s:0,0,0,s:0,0,0,s:0
Testing,Face,image_0351.jpg,sT:1,0,s:0,0,0,s:0,0,0,s:0,sT:2,0,s:0,0,0,s:0,0,0,s:0,sT:3,0,s:0,0,0,s:0,0,0,s:0
Testing,Motor,motor_0347.jpg,sT:1,0,s:0,0,0,s:0,0,0,s:0,sT:2,0,s:0,0,0,s:0,0,0,s:0,sT:3,0,s:0,0,0,s:0,0,0,s:0
Testing,Motor,motor_0352.jpg,sT:1,0,s:0,0,0,s:0,0,0,s:0,sT:2,0,s:0,0,0,s:0,0,0,s:0,sT:3,0,s:0,0,0,s:0,0,0,s:0
Testing,Motor,motor_0423.jpg,sT:1,0,s:0,0,0,s:0,0,0,s:0,sT:2,0,s:0,0,0,s:0,0,0,s:0,sT:3,0,s:0,0,0,s:0,0,0,s:0
Testing,Face,image_0312.jpg,sT:1,0,s:0,0,0,s:0,0,0,s:0,sT:2,0,s:0,0,0,s:0,0,0,s:0,sT:3,0,s:0,0,0,s:0,0,0,s:0
Testing,Face,image_0120.jpg,sT:1,0,s:0,0,0,s:0,0,0,s:0,sT:2,0,s:0,0,0,s:0,0,0,s:0,sT:3,0,s:0,0,0,s:0,0,0,s:0
Testing,Motor,motor_0348.jpg,sT:1,0,s:0,0,0,s:0,0,0,s:0,sT:2,0,s:0,0,0,s:0,0,0,s:0,sT:3,0,s:0,0,0,s:0,0,0,s:0
Testing,Motor,motor_0372.jpg,sT:1,0,s:0,0,0,s:0,0,0,s:0,sT:2,0,s:0,0,0,s:0,0,0,s:0,sT:3,0,s:0,0,0,s:0,0,0,s:0
Testing,Face,image_0202.jpg,sT:1,0,s:0,0,0,s:0,0,0,s:0,sT:2,0,s:0,0,0,s:0,0,0,s:0,sT:3,0,s:0,0,0,s:0,0,0,s:0
Testing,Face,image_0301.jpg,sT:1,0,s:0,0,0,s:0,0,0,s:0,sT:2,0,s:0,0,0,s:0,0,0,s:0,sT:3,0,s:0,0,0,s:0,0,0,s:0
Testing,Motor,motor_0425.jpg,sT:1,0,s:0,0,0,s:0,0,0,s:0,sT:2,0,s:0,0,0,s:0,0,0,s:0,sT:3,0,s:0,0,0,s:0,0,0,s:0
Testing,Face,image_0123.jpg,sT:1,0,s:0,0,0,s:0,0,0,s:0,sT:2,0,s:0,0,0,s:0,0,0,s:0,sT:3,0,s:0,0,0,s:0,0,0,s:0
Testing,Face,image_0074.jpg,sT:1,0,s:0,0,0,s:0,0,0,s:0,sT:2,0,s:0,0,0,s:0,0,0,s:0,sT:3,0,s:0,0,0,s:0,0,0,s:0
Testing,Face,image_0010.jpg,sT:1,0,s:0,0,0,s:0,0,0,s:0,sT:2,0,s:0,0,0,s:0,0,0,s:0,sT:3,0,s:0,0,0,s:0,0,0,s:0
Testing,Motor,motor_0344.jpg,sT:1,0,s:0,0,0,s:0,0,0,s:0,sT:2,0,s:0,0,0,s:0,0,0,s:0,sT:3,0,s:0,0,0,s:0,0,0,s:0
Testing,Face,image_0288.jpg,sT:1,0,s:0,0,0,s:0,0,0,s:0,sT:2,0,s:0,0,0,s:0,0,0,s:0,sT:3,0,s:0,0,0,s:0,0,0,s:0
Testing,Face,image_0255.jpg,sT:1,0,s:0,0,0,s:0,0,0,s:0,sT:2,0,s:0,0,0,s:0,0,0,s:0,sT:3,0,s:0,0,0,s:0,0,0,s:0
Testing,Face,image_0039.jpg,sT:1,0,s:0,0,0,s:0,0,0,s:0,sT:2,0,s:0,0,0,s:0,0,0,s:0,sT:3,0,s:0,0,0,s:0,0,0,s:0
Testing,Motor,motor_0339.jpg,sT:1,0,s:0,0,0,s:0,0,0,s:0,sT:2,0,s:0,0,0,s:0,0,0,s:0,sT:3,0,s:0,0,0,s:0,0,0,s:0
Testing,Motor,motor_0275.jpg,sT:1,0,s:0,0,0,s:0,0,0,s:0,sT:2,0,s:0,0,0,s:0,0,0,s:0,sT:3,0,s:0,0,0,s:0,0,0,s:0
Testing,Motor,motor_0286.jpg,sT:1,0,s:0,0,0,s:0,0,0,s:0,sT:2,0,s:0,0,0,s:0,0,0,s:0,sT:3,0,s:0,0,0,s:0,0,0,s:0
Testing,Face,image_0068.jpg,sT:1,0,s:0,0,0,s:0,0,0,s:0,sT:2,0,s:0,0,0,s:0,0,0,s:0,sT:3,0,s:0,0,0,s:0,0,0,s:0
Testing,Motor,motor_0299.jpg,sT:1,0,s:0,0,0,s:0,0,0,s:0,sT:2,0,s:0,0,0,s:0,0,0,s:0,sT:3,0,s:0,0,0,s:0,0,0,s:0
Testing,Motor,motor_0376.jpg,sT:1,0,s:0,0,0,s:0,0,0,s:0,sT:2,0,s:0,0,0,s:0,0,0,s:0,sT:3,0,s:0,0,0,s:0,0,0,s:0
Testing,Face,image_0081.jpg,sT:1,0,s:0,0,0,s:0,0,0,s:0,sT:2,0,s:0,0,0,s:0,0,0,s:0,sT:3,0,s:0,0,0,s:0,0,0,s:0
Testing,Motor,motor_0254.jpg,sT:1,0,s:0,0,0,s:0,0,0,s:0,sT:2,0,s:0,0,0,s:0,0,0,s:0,sT:3,0,s:0,0,0,s:0,0,0,s:0
Testing,Face,image_0422.jpg,sT:1,0,s:0,0,0,s:0,0,0,s:0,sT:2,0,s:0,0,0,s:0,0,0,s:0,sT:3,0,s:0,0,0,s:0,0,0,s:0
Testing,Face,image_0090.jpg,sT:1,0,s:0,0,0,s:0,0,0,s:0,sT:2,0,s:0,0,0,s:0,0,0,s:0,sT:3,0,s:0,0,0,s:0,0,0,s:0
Testing,Motor,motor_0432.jpg,sT:1,0,s:0,0,0,s:0,0,0,s:0,sT:2,0,s:0,0,0,s:0,0,0,s:0,sT:3,0,s:0,0,0,s:0,0,0,s:0
Testing,Motor,motor_0318.jpg,sT:1,0,s:0,0,0,s:0,0,0,s:0,sT:2,0,s:0,0,0,s:0,0,0,s:0,sT:3,0,s:0,0,0,s:0,0,0,s:0
Testing,Face,image_0127.jpg,sT:1,0,s:0,0,0,s:0,0,0,s:0,sT:2,0,s:0,0,0,s:0,0,0,s:0,sT:3,0,s:0,0,0,s:0,0,0,s:0
Testing,Face,image_0096.jpg,sT:1,0,s:0,0,0,s:0,0,0,s:0,sT:2,0,s:0,0,0,s:0,0,0,s:0,sT:3,0,s:0,0,0,s:0,0,0,s:0
Testing,Face,image_0184.jpg,sT:1,0,s:0,0,0,s:0,0,0,s:0,sT:2,0,s:0,0,0,s:0,0,0,s:0,sT:3,0,s:0,0,0,s:0,0,0,s:0
Testing,Motor,motor_0308.jpg,sT:1,0,s:0,0,0,s:0,0,0,s:0,sT:2,0,s:0,0,0,s:0,0,0,s:0,sT:3,0,s:0,0,0,s:0,0,0,s:0
Testing,Motor,motor_0329.jpg,sT:1,0,s:0,0,0,s:0,0,0,s:0,sT:2,0,s:0,0,0,s:0,0,0,s:0,sT:3,0,s:0,0,0,s:0,0,0,s:0
Testing,Motor,motor_0250.jpg,sT:1,0,s:0,0,0,s:0,0,0,s:0,sT:2,0,s:0,0,0,s:0,0,0,s:0,sT:3,0,s:0,0,0,s:0,0,0,s:0
Testing,Face,image_0186.jpg,sT:1,0,s:0,0,0,s:0,0,0,s:0,sT:2,0,s:0,0,0,s:0,0,0,s:0,sT:3,0,s:0,0,0,s:0,0,0,s:0
Testing,Motor,motor_0324.jpg,sT:1,0,s:0,0,0,s:0,0,0,s:0,sT:2,0,s:0,0,0,s:0,0,0,s:0,sT:3,0,s:0,0,0,s:0,0,0,s:0
Testing,Motor,motor_0384.jpg,sT:1,0,s:0,0,0,s:0,0,0,s:0,sT:2,0,s:0,0,0,s:0,0,0,s:0,sT:3,0,s:0,0,0,s:0,0,0,s:0
Testing,Face,image_0200.jpg,sT:1,0,s:0,0,0,s:0,0,0,s:0,sT:2,0,s:0,0,0,s:0,0,0,s:0,sT:3,0,s:0,0,0,s:0,0,0,s:0
Testing,Face,image_0345.jpg,sT:1,0,s:0,0,0,s:0,0,0,s:0,sT:2,0,s:0,0,0,s:0,0,0,s:0,sT:3,0,s:0,0,0,s:0,0,0,s:0
Testing,Motor,motor_0335.jpg,sT:1,0,s:0,0,0,s:0,0,0,s:0,sT:2,0,s:0,0,0,s:0,0,0,s:0,sT:3,0,s:0,0,0,s:0,0,0,s:0
Testing,Face,image_0013.jpg,sT:1,0,s:0,0,0,s:0,0,0,s:0,sT:2,0,s:0,0,0,s:0,0,0,s:0,sT:3,0,s:0,0,0,s:0,0,0,s:0
Testing,Motor,motor_0300.jpg,sT:1,0,s:0,0,0,s:0,0,0,s:0,sT:2,0,s:0,0,0,s:0,0,0,s:0,sT:3,0,s:0,0,0,s:0,0,0,s:0
Testing,Face,image_0332.jpg,sT:1,0,s:0,0,0,s:0,0,0,s:0,sT:2,0,s:0,0,0,s:0,0,0,s:0,sT:3,0,s:0,0,0,s:0,0,0,s:0
Testing,Motor,motor_0358.jpg,sT:1,0,s:0,0,0,s:0,0,0,s:0,sT:2,0,s:0,0,0,s:0,0,0,s:0,sT:3,0,s:0,0,0,s:0,0,0,s:0
Testing,Face,image_0103.jpg,sT:1,0,s:0,0,0,s:0,0,0,s:0,sT:2,0,s:0,0,0,s:0,0,0,s:0,sT:3,0,s:0,0,0,s:0,0,0,s:0
Testing,Face,image_0233.jpg,sT:1,0,s:0,0,0,s:0,0,0,s:0,sT:2,0,s:0,0,0,s:0,0,0,s:0,sT:3,0,s:0,0,0,s:0,0,0,s:0
Testing,Face,image_0041.jpg,sT:1,0,s:0,0,0,s:0,0,0,s:0,sT:2,0,s:0,0,0,s:0,0,0,s:0,sT:3,0,s:0,0,0,s:0,0,0,s:0
Testing,Face,image_0356.jpg,sT:1,0,s:0,0,0,s:0,0,0,s:0,sT:2,0,s:0,0,0,s:0,0,0,s:0,sT:3,0,s:0,0,0,s:0,0,0,s:0
Testing,Motor,motor_0257.jpg,sT:1,0,s:0,0,0,s:0,0,0,s:0,sT:2,0,s:0,0,0,s:0,0,0,s:0,sT:3,0,s:0,0,0,s:0,0,0,s:0
Testing,Face,image_0428.jpg,sT:1,0,s:0,0,0,s:0,0,0,s:0,sT:2,0,s:0,0,0,s:0,0,0,s:0,sT:3,0,s:0,0,0,s:0,0,0,s:0
Testing,Face,image_0219.jpg,sT:1,0,s:0,0,0,s:0,0,0,s:0,sT:2,0,s:0,0,0,s:0,0,0,s:0,sT:3,0,s:0,0,0,s:0,0,0,s:0
Testing,Motor,motor_0306.jpg,sT:1,0,s:0,0,0,s:0,0,0,s:0,sT:2,0,s:0,0,0,s:0,0,0,s:0,sT:3,0,s:0,0,0,s:0,0,0,s:0
Testing,Face,image_0079.jpg,sT:1,0,s:0,0,0,s:0,0,0,s:0,sT:2,0,s:0,0,0,s:0,0,0,s:0,sT:3,0,s:0,0,0,s:0,0,0,s:0
Testing,Face,image_0112.jpg,sT:1,0,s:0,0,0,s:0,0,0,s:0,sT:2,0,s:0,0,0,s:0,0,0,s:0,sT:3,0,s:0,0,0,s:0,0,0,s:0
Testing,Face,image_0105.jpg,sT:1,0,s:0,0,0,s:0,0,0,s:0,sT:2,0,s:0,0,0,s:0,0,0,s:0,sT:3,0,s:0,0,0,s:0,0,0,s:0
Testing,Face,image_0340.jpg,sT:1,0,s:0,0,0,s:0,0,0,s:0,sT:2,0,s:0,0,0,s:0,0,0,s:0,sT:3,0,s:0,0,0,s:0,0,0,s:0
Testing,Motor,motor_0421.jpg,sT:1,0,s:0,0,0,s:0,0,0,s:0,sT:2,0,s:0,0,0,s:0,0,0,s:0,sT:3,0,s:0,0,0,s:0,0,0,s:0
Testing,Face,image_0211.jpg,sT:1,0,s:0,0,0,s:0,0,0,s:0,sT:2,0,s:0,0,0,s:0,0,0,s:0,sT:3,0,s:0,0,0,s:0,0,0,s:0
Testing,Face,image_0409.jpg,sT:1,0,s:0,0,0,s:0,0,0,s:0,sT:2,0,s:0,0,0,s:0,0,0,s:0,sT:3,0,s:0,0,0,s:0,0,0,s:0
Testing,Motor,motor_0430.jpg,sT:1,0,s:0,0,0,s:0,0,0,s:0,sT:2,0,s:0,0,0,s:0,0,0,s:0,sT:3,0,s:0,0,0,s:0,0,0,s:0
Testing,Motor,motor_0298.jpg,sT:1,0,s:0,0,0,s:0,0,0,s:0,sT:2,0,s:0,0,0,s:0,0,0,s:0,sT:3,0,s:0,0,0,s:0,0,0,s:0
Testing,Face,image_0149.jpg,sT:1,0,s:0,0,0,s:0,0,0,s:0,sT:2,0,s:0,0,0,s:0,0,0,s:0,sT:3,0,s:0,0,0,s:0,0,0,s:0
Testing,Face,image_0241.jpg,sT:1,0,s:0,0,0,s:0,0,0,s:0,sT:2,0,s:0,0,0,s:0,0,0,s:0,sT:3,0,s:0,0,0,s:0,0,0,s:0
Testing,Face,image_0358.jpg,sT:1,0,s:0,0,0,s:0,0,0,s:0,sT:2,0,s:0,0,0,s:0,0,0,s:0,sT:3,0,s:0,0,0,s:0,0,0,s:0
Testing,Face,image_0391.jpg,sT:1,0,s:0,0,0,s:0,0,0,s:0,sT:2,0,s:0,0,0,s:0,0,0,s:0,sT:3,0,s:0,0,0,s:0,0,0,s:0
Testing,Motor,motor_0316.jpg,sT:1,0,s:0,0,0,s:0,0,0,s:0,sT:2,0,s:0,0,0,s:0,0,0,s:0,sT:3,0,s:0,0,0,s:0,0,0,s:0
Testing,Motor,motor_0357.jpg,sT:1,0,s:0,0,0,s:0,0,0,s:0,sT:2,0,s:0,0,0,s:0,0,0,s:0,sT:3,0,s:0,0,0,s:0,0,0,s:0
Testing,Motor,motor_0317.jpg,sT:1,0,s:0,0,0,s:0,0,0,s:0,sT:2,0,s:0,0,0,s:0,0,0,s:0,sT:3,0,s:0,0,0,s:0,0,0,s:0
Testing,Motor,motor_0387.jpg,sT:1,0,s:0,0,0,s:0,0,0,s:0,sT:2,0,s:0,0,0,s:0,0,0,s:0,sT:3,0,s:0,0,0,s:0,0,0,s:0
Testing,Motor,motor_0319.jpg,sT:1,0,s:0,0,0,s:0,0,0,s:0,sT:2,0,s:0,0,0,s:0,0,0,s:0,sT:3,0,s:0,0,0,s:0,0,0,s:0
Testing,Motor,motor_0272.jpg,sT:1,0,s:0,0,0,s:0,0,0,s:0,sT:2,0,s:0,0,0,s:0,0,0,s:0,sT:3,0,s:0,0,0,s:0,0,0,s:0
Testing,Motor,motor_0343.jpg,sT:1,0,s:0,0,0,s:0,0,0,s:0,sT:2,0,s:0,0,0,s:0,0,0,s:0,sT:3,0,s:0,0,0,s:0,0,0,s:0
Testing,Face,image_0373.jpg,sT:1,0,s:0,0,0,s:0,0,0,s:0,sT:2,0,s:0,0,0,s:0,0,0,s:0,sT:3,0,s:0,0,0,s:0,0,0,s:0
Testing,Motor,motor_0296.jpg,sT:1,0,s:0,0,0,s:0,0,0,s:0,sT:2,0,s:0,0,0,s:0,0,0,s:0,sT:3,0,s:0,0,0,s:0,0,0,s:0
Testing,Face,image_0142.jpg,sT:1,0,s:0,0,0,s:0,0,0,s:0,sT:2,0,s:0,0,0,s:0,0,0,s:0,sT:3,0,s:0,0,0,s:0,0,0,s:0
Testing,Face,image_0030.jpg,sT:1,0,s:0,0,0,s:0,0,0,s:0,sT:2,0,s:0,0,0,s:0,0,0,s:0,sT:3,0,s:0,0,0,s:0,0,0,s:0
Testing,Face,image_0360.jpg,sT:1,0,s:0,0,0,s:0,0,0,s:0,sT:2,0,s:0,0,0,s:0,0,0,s:0,sT:3,0,s:0,0,0,s:0,0,0,s:0
Testing,Motor,motor_0240.jpg,sT:1,0,s:0,0,0,s:0,0,0,s:0,sT:2,0,s:0,0,0,s:0,0,0,s:0,sT:3,0,s:0,0,0,s:0,0,0,s:0
Testing,Face,image_0270.jpg,sT:1,0,s:0,0,0,s:0,0,0,s:0,sT:2,0,s:0,0,0,s:0,0,0,s:0,sT:3,0,s:0,0,0,s:0,0,0,s:0
Testing,Face,image_0246.jpg,sT:1,0,s:0,0,0,s:0,0,0,s:0,sT:2,0,s:0,0,0,s:0,0,0,s:0,sT:3,0,s:0,0,0,s:0,0,0,s:0
Testing,Face,image_0371.jpg,sT:1,0,s:0,0,0,s:0,0,0,s:0,sT:2,0,s:0,0,0,s:0,0,0,s:0,sT:3,0,s:0,0,0,s:0,0,0,s:0
Testing,Motor,motor_0407.jpg,sT:1,0,s:0,0,0,s:0,0,0,s:0,sT:2,0,s:0,0,0,s:0,0,0,s:0,sT:3,0,s:0,0,0,s:0,0,0,s:0
Testing,Face,image_0362.jpg,sT:1,0,s:0,0,0,s:0,0,0,s:0,sT:2,0,s:0,0,0,s:0,0,0,s:0,sT:3,0,s:0,0,0,s:0,0,0,s:0
Testing,Face,image_0032.jpg,sT:1,0,s:0,0,0,s:0,0,0,s:0,sT:2,0,s:0,0,0,s:0,0,0,s:0,sT:3,0,s:0,0,0,s:0,0,0,s:0
Testing,Face,image_0417.jpg,sT:1,0,s:0,0,0,s:0,0,0,s:0,sT:2,0,s:0,0,0,s:0,0,0,s:0,sT:3,0,s:0,0,0,s:0,0,0,s:0
Testing,Motor,motor_0420.jpg,sT:1,0,s:0,0,0,s:0,0,0,s:0,sT:2,0,s:0,0,0,s:0,0,0,s:0,sT:3,0,s:0,0,0,s:0,0,0,s:0
Testing,Face,image_0085.jpg,sT:1,0,s:0,0,0,s:0,0,0,s:0,sT:2,0,s:0,0,0,s:0,0,0,s:0,sT:3,0,s:0,0,0,s:0,0,0,s:0
Testing,Motor,motor_0297.jpg,sT:1,0,s:0,0,0,s:0,0,0,s:0,sT:2,0,s:0,0,0,s:0,0,0,s:0,sT:3,0,s:0,0,0,s:0,0,0,s:0
Testing,Face,image_0281.jpg,sT:1,0,s:0,0,0,s:0,0,0,s:0,sT:2,0,s:0,0,0,s:0,0,0,s:0,sT:3,0,s:0,0,0,s:0,0,0,s:0
Testing,Motor,motor_0322.jpg,sT:1,0,s:0,0,0,s:0,0,0,s:0,sT:2,0,s:0,0,0,s:0,0,0,s:0,sT:3,0,s:0,0,0,s:0,0,0,s:0
Testing,Motor,motor_0244.jpg,sT:1,0,s:0,0,0,s:0,0,0,s:0,sT:2,0,s:0,0,0,s:0,0,0,s:0,sT:3,0,s:0,0,0,s:0,0,0,s:0
Testing,Motor,motor_0262.jpg,sT:1,0,s:0,0,0,s:0,0,0,s:0,sT:2,0,s:0,0,0,s:0,0,0,s:0,sT:3,0,s:0,0,0,s:0,0,0,s:0
Testing,Face,image_0140.jpg,sT:1,0,s:0,0,0,s:0,0,0,s:0,sT:2,0,s:0,0,0,s:0,0,0,s:0,sT:3,0,s:0,0,0,s:0,0,0,s:0
Testing,Face,image_0180.jpg,sT:1,0,s:0,0,0,s:0,0,0,s:0,sT:2,0,s:0,0,0,s:0,0,0,s:0,sT:3,0,s:0,0,0,s:0,0,0,s:0
Testing,Face,image_0160.jpg,sT:1,0,s:0,0,0,s:0,0,0,s:0,sT:2,0,s:0,0,0,s:0,0,0,s:0,sT:3,0,s:0,0,0,s:0,0,0,s:0
Testing,Motor,motor_0332.jpg,sT:1,0,s:0,0,0,s:0,0,0,s:0,sT:2,0,s:0,0,0,s:0,0,0,s:0,sT:3,0,s:0,0,0,s:0,0,0,s:0
Testing,Motor,motor_0383.jpg,sT:1,0,s:0,0,0,s:0,0,0,s:0,sT:2,0,s:0,0,0,s:0,0,0,s:0,sT:3,0,s:0,0,0,s:0,0,0,s:0
Testing,Motor,motor_0303.jpg,sT:1,0,s:0,0,0,s:0,0,0,s:0,sT:2,0,s:0,0,0,s:0,0,0,s:0,sT:3,0,s:0,0,0,s:0,0,0,s:0
Testing,Face,image_0092.jpg,sT:1,0,s:0,0,0,s:0,0,0,s:0,sT:2,0,s:0,0,0,s:0,0,0,s:0,sT:3,0,s:0,0,0,s:0,0,0,s:0
Testing,Motor,motor_0290.jpg,sT:1,0,s:0,0,0,s:0,0,0,s:0,sT:2,0,s:0,0,0,s:0,0,0,s:0,sT:3,0,s:0,0,0,s:0,0,0,s:0
Testing,Face,image_0384.jpg,sT:1,0,s:0,0,0,s:0,0,0,s:0,sT:2,0,s:0,0,0,s:0,0,0,s:0,sT:3,0,s:0,0,0,s:0,0,0,s:0
Testing,Motor,motor_0273.jpg,sT:1,0,s:0,0,0,s:0,0,0,s:0,sT:2,0,s:0,0,0,s:0,0,0,s:0,sT:3,0,s:0,0,0,s:0,0,0,s:0
Testing,Face,image_0206.jpg,sT:1,0,s:0,0,0,s:0,0,0,s:0,sT:2,0,s:0,0,0,s:0,0,0,s:0,sT:3,0,s:0,0,0,s:0,0,0,s:0
Testing,Motor,motor_0323.jpg,sT:1,0,s:0,0,0,s:0,0,0,s:0,sT:2,0,s:0,0,0,s:0,0,0,s:0,sT:3,0,s:0,0,0,s:0,0,0,s:0
Testing,Motor,motor_0366.jpg,sT:1,0,s:0,0,0,s:0,0,0,s:0,sT:2,0,s:0,0,0,s:0,0,0,s:0,sT:3,0,s:0,0,0,s:0,0,0,s:0
Testing,Face,image_0173.jpg,sT:1,0,s:0,0,0,s:0,0,0,s:0,sT:2,0,s:0,0,0,s:0,0,0,s:0,sT:3,0,s:0,0,0,s:0,0,0,s:0
Testing,Face,image_0354.jpg,sT:1,0,s:0,0,0,s:0,0,0,s:0,sT:2,0,s:0,0,0,s:0,0,0,s:0,sT:3,0,s:0,0,0,s:0,0,0,s:0
Testing,Face,image_0261.jpg,sT:1,0,s:0,0,0,s:0,0,0,s:0,sT:2,0,s:0,0,0,s:0,0,0,s:0,sT:3,0,s:0,0,0,s:0,0,0,s:0
Testing,Motor,motor_0277.jpg,sT:1,0,s:0,0,0,s:0,0,0,s:0,sT:2,0,s:0,0,0,s:0,0,0,s:0,sT:3,0,s:0,0,0,s:0,0,0,s:0
Testing,Motor,motor_0355.jpg,sT:1,0,s:0,0,0,s:0,0,0,s:0,sT:2,0,s:0,0,0,s:0,0,0,s:0,sT:3,0,s:0,0,0,s:0,0,0,s:0
Testing,Motor,motor_0260.jpg,sT:1,0,s:0,0,0,s:0,0,0,s:0,sT:2,0,s:0,0,0,s:0,0,0,s:0,sT:3,0,s:0,0,0,s:0,0,0,s:0
Testing,Motor,motor_0307.jpg,sT:1,0,s:0,0,0,s:0,0,0,s:0,sT:2,0,s:0,0,0,s:0,0,0,s:0,sT:3,0,s:0,0,0,s:0,0,0,s:0
Testing,Motor,motor_0431.jpg,sT:1,0,s:0,0,0,s:0,0,0,s:0,sT:2,0,s:0,0,0,s:0,0,0,s:0,sT:3,0,s:0,0,0,s:0,0,0,s:0
Testing,Face,image_0307.jpg,sT:1,0,s:0,0,0,s:0,0,0,s:0,sT:2,0,s:0,0,0,s:0,0,0,s:0,sT:3,0,s:0,0,0,s:0,0,0,s:0
Testing,Motor,motor_0282.jpg,sT:1,0,s:0,0,0,s:0,0,0,s:0,sT:2,0,s:0,0,0,s:0,0,0,s:0,sT:3,0,s:0,0,0,s:0,0,0,s:0
Testing,Motor,motor_0435.jpg,sT:1,0,s:0,0,0,s:0,0,0,s:0,sT:2,0,s:0,0,0,s:0,0,0,s:0,sT:3,0,s:0,0,0,s:0,0,0,s:0
Testing,Motor,motor_0267.jpg,sT:1,0,s:0,0,0,s:0,0,0,s:0,sT:2,0,s:0,0,0,s:0,0,0,s:0,sT:3,0,s:0,0,0,s:0,0,0,s:0
Testing,Face,image_0321.jpg,sT:1,0,s:0,0,0,s:0,0,0,s:0,sT:2,0,s:0,0,0,s:0,0,0,s:0,sT:3,0,s:0,0,0,s:0,0,0,s:0
Testing,Motor,motor_0284.jpg,sT:1,0,s:0,0,0,s:0,0,0,s:0,sT:2,0,s:0,0,0,s:0,0,0,s:0,sT:3,0,s:0,0,0,s:0,0,0,s:0
Testing,Face,image_0024.jpg,sT:1,0,s:0,0,0,s:0,0,0,s:0,sT:2,0,s:0,0,0,s:0,0,0,s:0,sT:3,0,s:0,0,0,s:0,0,0,s:0
Testing,Face,image_0398.jpg,sT:1,0,s:0,0,0,s:0,0,0,s:0,sT:2,0,s:0,0,0,s:0,0,0,s:0,sT:3,0,s:0,0,0,s:0,0,0,s:0
Testing,Face,image_0224.jpg,sT:1,0,s:0,0,0,s:0,0,0,s:0,sT:2,0,s:0,0,0,s:0,0,0,s:0,sT:3,0,s:0,0,0,s:0,0,0,s:0
Testing,Face,image_0424.jpg,sT:1,0,s:0,0,0,s:0,0,0,s:0,sT:2,0,s:0,0,0,s:0,0,0,s:0,sT:3,0,s:0,0,0,s:0,0,0,s:0
Testing,Motor,motor_0268.jpg,sT:1,0,s:0,0,0,s:0,0,0,s:0,sT:2,0,s:0,0,0,s:0,0,0,s:0,sT:3,0,s:0,0,0,s:0,0,0,s:0
Testing,Motor,motor_0305.jpg,sT:1,0,s:0,0,0,s:0,0,0,s:0,sT:2,0,s:0,0,0,s:0,0,0,s:0,sT:3,0,s:0,0,0,s:0,0,0,s:0
Testing,Motor,motor_0291.jpg,sT:1,0,s:0,0,0,s:0,0,0,s:0,sT:2,0,s:0,0,0,s:0,0,0,s:0,sT:3,0,s:0,0,0,s:0,0,0,s:0
Testing,Motor,motor_0391.jpg,sT:1,0,s:0,0,0,s:0,0,0,s:0,sT:2,0,s:0,0,0,s:0,0,0,s:0,sT:3,0,s:0,0,0,s:0,0,0,s:0
Testing,Face,image_0404.jpg,sT:1,0,s:0,0,0,s:0,0,0,s:0,sT:2,0,s:0,0,0,s:0,0,0,s:0,sT:3,0,s:0,0,0,s:0,0,0,s:0
Testing,Motor,motor_0364.jpg,sT:1,0,s:0,0,0,s:0,0,0,s:0,sT:2,0,s:0,0,0,s:0,0,0,s:0,sT:3,0,s:0,0,0,s:0,0,0,s:0
Testing,Face,image_0094.jpg,sT:1,0,s:0,0,0,s:0,0,0,s:0,sT:2,0,s:0,0,0,s:0,0,0,s:0,sT:3,0,s:0,0,0,s:0,0,0,s:0
Testing,Motor,motor_0341.jpg,sT:1,0,s:0,0,0,s:0,0,0,s:0,sT:2,0,s:0,0,0,s:0,0,0,s:0,sT:3,0,s:0,0,0,s:0,0,0,s:0
Testing,Motor,motor_0375.jpg,sT:1,0,s:0,0,0,s:0,0,0,s:0,sT:2,0,s:0,0,0,s:0,0,0,s:0,sT:3,0,s:0,0,0,s:0,0,0,s:0
Testing,Motor,motor_0386.jpg,sT:1,0,s:0,0,0,s:0,0,0,s:0,sT:2,0,s:0,0,0,s:0,0,0,s:0,sT:3,0,s:0,0,0,s:0,0,0,s:0
Testing,Face,image_0035.jpg,sT:1,0,s:0,0,0,s:0,0,0,s:0,sT:2,0,s:0,0,0,s:0,0,0,s:0,sT:3,0,s:0,0,0,s:0,0,0,s:0
Testing,Face,image_0323.jpg,sT:1,0,s:0,0,0,s:0,0,0,s:0,sT:2,0,s:0,0,0,s:0,0,0,s:0,sT:3,0,s:0,0,0,s:0,0,0,s:0
Testing,Motor,motor_0295.jpg,sT:1,0,s:0,0,0,s:0,0,0,s:0,sT:2,0,s:0,0,0,s:0,0,0,s:0,sT:3,0,s:0,0,0,s:0,0,0,s:0
Testing,Face,image_0101.jpg,sT:1,0,s:0,0,0,s:0,0,0,s:0,sT:2,0,s:0,0,0,s:0,0,0,s:0,sT:3,0,s:0,0,0,s:0,0,0,s:0
Testing,Motor,motor_0398.jpg,sT:1,0,s:0,0,0,s:0,0,0,s:0,sT:2,0,s:0,0,0,s:0,0,0,s:0,sT:3,0,s:0,0,0,s:0,0,0,s:0
Testing,Motor,motor_0350.jpg,sT:1,0,s:0,0,0,s:0,0,0,s:0,sT:2,0,s:0,0,0,s:0,0,0,s:0,sT:3,0,s:0,0,0,s:0,0,0,s:0
Testing,Motor,motor_0390.jpg,sT:1,0,s:0,0,0,s:0,0,0,s:0,sT:2,0,s:0,0,0,s:0,0,0,s:0,sT:3,0,s:0,0,0,s:0,0,0,s:0
Testing,Motor,motor_0388.jpg,sT:1,0,s:0,0,0,s:0,0,0,s:0,sT:2,0,s:0,0,0,s:0,0,0,s:0,sT:3,0,s:0,0,0,s:0,0,0,s:0
Testing,Motor,motor_0314.jpg,sT:1,0,s:0,0,0,s:0,0,0,s:0,sT:2,0,s:0,0,0,s:0,0,0,s:0,sT:3,0,s:0,0,0,s:0,0,0,s:0
Testing,Motor,motor_0264.jpg,sT:1,0,s:0,0,0,s:0,0,0,s:0,sT:2,0,s:0,0,0,s:0,0,0,s:0,sT:3,0,s:0,0,0,s:0,0,0,s:0
Testing,Face,image_0048.jpg,sT:1,0,s:0,0,0,s:0,0,0,s:0,sT:2,0,s:0,0,0,s:0,0,0,s:0,sT:3,0,s:0,0,0,s:0,0,0,s:0
Testing,Motor,motor_0253.jpg,sT:1,0,s:0,0,0,s:0,0,0,s:0,sT:2,0,s:0,0,0,s:0,0,0,s:0,sT:3,0,s:0,0,0,s:0,0,0,s:0
Testing,Face,image_0250.jpg,sT:1,0,s:0,0,0,s:0,0,0,s:0,sT:2,0,s:0,0,0,s:0,0,0,s:0,sT:3,0,s:0,0,0,s:0,0,0,s:0
0,1,5,11,7,13,5,1,2,55,-1,1,111,1368,5714,8481,4924,1394,237,31,859,-1,1,112,1373,5725,8488,4937,1399,238,33,914
Testing,Face,image_0402.jpg,sT:1,0,s:0,0,0,s:0,0,0,s:0,sT:2,0,s:0,0,0,s:0,0,0,s:0,sT:3,0,s:0,0,0,s:0,0,0,s:0
Testing,Motor,motor_0293.jpg,sT:1,0,s:0,0,0,s:0,0,0,s:0,sT:2,0,s:0,0,0,s:0,0,0,s:0,sT:3,0,s:0,0,0,s:0,0,0,s:0
Testing,Motor,motor_0370.jpg,sT:1,0,s:0,0,0,s:0,0,0,s:0,sT:2,0,s:0,0,0,s:0,0,0,s:0,sT:3,0,s:0,0,0,s:0,0,0,s:0
0,1,5,11,7,13,5,1,2,55,-1,1,111,1368,5714,8481,4924,1394,237,31,859,-1,1,112,1373,5725,8488,4937,1399,238,33,914
Learning,Motor,motor_0152.jpg,sT:1,1,s:10616,0,1,s:120094,0,0,s:0,sT:2,1,s:0,0,0,s:11501,0,0,s:0,sT:3,1,s:0,0,0,s:376,0,0,s:0
0,1,6,10,7,13,5,1,2,55,-1,1,119,1440,5880,8447,4798,1331,215,27,862,-1,1,120,1446,5890,8454,4811,1336,216,29,917
Learning,Face,image_0363.jpg,sT:1,1,s:6333,0,1,s:54982,0,0,s:0,sT:2,0,s:0,0,0,s:7477,0,0,s:0,sT:3,0,s:0,0,0,s:1901,0,0,s:0
0,1,6,10,7,13,5,1,2,55,-1,1,125,1523,6023,8437,4664,1257,201,26,863,-1,1,126,1529,6033,8444,4677,1262,202,28,918
